{"stats":{"minecraft:used":{"minecraft:stone_sword":11,"minecraft:stone_pickaxe":14,"minecraft:bread":2,"minecraft:spruce_planks":1,"minecraft:wooden_pickaxe":29,"minecraft:stone_axe":2,"minecraft:dirt":6,"minecraft:mutton":1,"minecraft:purple_bed":3,"minecraft:sweet_berries":77,"minecraft:crafting_table":1,"alexsmobs:animal_dictionary":1,"minecraft:coarse_dirt":5},"minecraft:crafted":{"minecraft:crafting_table":1,"minecraft:spruce_planks":24,"minecraft:stick":12,"minecraft:wooden_pickaxe":1,"minecraft:stone_pickaxe":1,"minecraft:stone_sword":1,"minecraft:stone_axe":1},"minecraft:killed":{"minecraft:sheep":1,"minecraft:pig":2},"minecraft:picked_up":{"minecraft:coarse_dirt":5,"minecraft:stick":7,"minecraft:crafting_table":1,"iceandfire:ghost_chest":1,"minecraft:sweet_berries":129,"minecraft:copper_ingot":1,"minecraft:brown_mushroom":1,"minecraft:porkchop":4,"minecraft:chain":3,"minecraft:spruce_sapling":1,"minecraft:spruce_log":6,"iceandfire:manuscript":7,"iceandfire:silver_ingot":1,"minecraft:dirt":34,"minecraft:gold_nugget":10,"iceandfire:graveyard_soil":4,"minecraft:bone":15,"minecraft:stone_bricks":1,"minecraft:purple_bed":3,"minecraft:cracked_stone_bricks":1,"minecraft:wheat_seeds":1,"minecraft:gold_ingot":2,"minecraft:black_wool":1,"minecraft:mutton":1,"minecraft:skeleton_skull":2,"minecraft:snowball":10,"minecraft:cobblestone":20},"minecraft:mined":{"minecraft:skeleton_skull":2,"minecraft:purple_bed":3,"minecraft:coarse_dirt":5,"minecraft:brown_mushroom":1,"minecraft:sweet_berry_bush":5,"minecraft:spruce_log":5,"minecraft:crafting_table":1,"gravestone:gravestone":1,"minecraft:grass":1,"minecraft:grass_block":6,"iceandfire:ghost_chest":1,"minecraft:vine":2,"minecraft:gravel":1,"minecraft:dirt":19,"minecraft:tall_grass":1,"minecraft:cracked_stone_bricks":1,"minecraft:spruce_leaves":19,"minecraft:stone_bricks":1,"minecraft:stone":14,"minecraft:oak_leaves":4,"minecraft:fern":1},"minecraft:killed_by":{"mutantmonsters:mutant_skeleton":1},"minecraft:custom":{"minecraft:time_since_rest":3333,"minecraft:sprint_one_cm":176969,"minecraft:damage_taken":681,"minecraft:walk_one_cm":64435,"minecraft:mob_kills":3,"minecraft:damage_dealt":280,"minecraft:swim_one_cm":25106,"minecraft:interact_with_crafting_table":3,"minecraft:fly_one_cm":165371,"minecraft:open_chest":4,"minecraft:crouch_one_cm":37262,"minecraft:play_time":46760,"minecraft:deaths":1,"minecraft:interact_with_campfire":4,"minecraft:sneak_time":19433,"minecraft:walk_under_water_one_cm":7366,"minecraft:jump":876,"minecraft:leave_game":6,"minecraft:time_since_death":15696,"minecraft:walk_on_water_one_cm":8717,"minecraft:sleep_in_bed":4,"minecraft:climb_one_cm":460,"minecraft:total_world_time":46760,"minecraft:fall_one_cm":27186}},"DataVersion":3465}