{"stats":{"minecraft:used":{"minecraft:crafting_table":1,"alexsmobs:animal_dictionary":1,"minecraft:spruce_planks":1,"minecraft:wooden_pickaxe":29},"minecraft:crafted":{"minecraft:stone_sword":1,"minecraft:crafting_table":1,"minecraft:spruce_planks":24,"minecraft:stick":12,"minecraft:stone_pickaxe":1,"minecraft:wooden_pickaxe":1},"minecraft:picked_up":{"minecraft:stick":1,"minecraft:spruce_log":6,"minecraft:black_wool":1,"minecraft:mutton":1,"minecraft:snowball":10,"minecraft:dirt":27,"minecraft:cobblestone":14},"minecraft:killed":{"minecraft:sheep":1},"minecraft:mined":{"minecraft:grass_block":4,"minecraft:gravel":1,"minecraft:dirt":9,"minecraft:stone":14,"minecraft:spruce_leaves":4,"minecraft:spruce_log":5},"minecraft:custom":{"minecraft:time_since_rest":9768,"minecraft:crouch_one_cm":3603,"minecraft:play_time":9768,"minecraft:sprint_one_cm":2870,"minecraft:damage_taken":40,"minecraft:walk_one_cm":7675,"minecraft:sneak_time":4191,"minecraft:mob_kills":1,"minecraft:jump":65,"minecraft:damage_dealt":80,"minecraft:time_since_death":9768,"minecraft:leave_game":3,"minecraft:total_world_time":9768,"minecraft:interact_with_crafting_table":3,"minecraft:fly_one_cm":2878,"minecraft:fall_one_cm":2086}},"DataVersion":3465}