{"stats":{"minecraft:used":{"minecraft:stone_sword":11,"minecraft:bread":2,"minecraft:spruce_planks":1,"minecraft:wooden_pickaxe":29,"minecraft:stone_axe":1,"minecraft:mutton":1,"minecraft:purple_bed":1,"minecraft:sweet_berries":26,"minecraft:crafting_table":1,"alexsmobs:animal_dictionary":1},"minecraft:crafted":{"minecraft:crafting_table":1,"minecraft:spruce_planks":24,"minecraft:stick":12,"minecraft:wooden_pickaxe":1,"minecraft:stone_pickaxe":1,"minecraft:stone_sword":1,"minecraft:stone_axe":1},"minecraft:picked_up":{"minecraft:stick":7,"minecraft:crafting_table":1,"minecraft:sweet_berries":77,"minecraft:porkchop":4,"minecraft:spruce_sapling":1,"minecraft:spruce_log":6,"minecraft:dirt":27,"minecraft:purple_bed":2,"minecraft:black_wool":1,"minecraft:mutton":1,"minecraft:snowball":10,"minecraft:cobblestone":20},"minecraft:killed":{"minecraft:sheep":1,"minecraft:pig":2},"minecraft:mined":{"minecraft:purple_bed":2,"minecraft:sweet_berry_bush":4,"minecraft:spruce_log":5,"minecraft:crafting_table":1,"minecraft:grass_block":4,"minecraft:gravel":1,"minecraft:dirt":9,"minecraft:spruce_leaves":10,"minecraft:stone":14},"minecraft:custom":{"minecraft:time_since_rest":651,"minecraft:sprint_one_cm":49190,"minecraft:damage_taken":216,"minecraft:walk_one_cm":47432,"minecraft:mob_kills":3,"minecraft:damage_dealt":280,"minecraft:interact_with_crafting_table":3,"minecraft:fly_one_cm":30275,"minecraft:open_chest":4,"minecraft:crouch_one_cm":3603,"minecraft:play_time":21768,"minecraft:interact_with_campfire":4,"minecraft:sneak_time":4191,"minecraft:jump":270,"minecraft:walk_on_water_one_cm":502,"minecraft:leave_game":3,"minecraft:time_since_death":21768,"minecraft:sleep_in_bed":3,"minecraft:total_world_time":21768,"minecraft:fall_one_cm":7887}},"DataVersion":3465}