{"stats":{"minecraft:dropped":{"minecraft:bread":46,"minecraft:wheat_seeds":66,"minecraft:glass_bottle":4,"minecraft:netherite_chestplate":3,"minecraft:cobblestone":126,"minecraft:amethyst_block":2,"minecraft:leather":4,"minecraft:cracked_stone_bricks":2,"minecraft:copper_ingot":1,"artifacts:anglers_hat":2,"minecraft:coal":3,"iceandfire:graveyard_soil":4,"minecraft:cobblestone_stairs":8,"minecraft:dirt":19,"minecraft:diorite":40,"minecraft:torch":3,"minecraft:chain":3,"gravestone:obituary":56,"minecraft:gold_nugget":10,"minecraft:amethyst_shard":4,"iceandfire:ash":1,"minecraft:string":36,"minecraft:white_wool":2,"minecraft:bucket":1,"minecraft:bone":8,"minecraft:dandelion":3,"minecraft:gravel":2,"minecraft:furnace":1,"minecraft:sweet_berries":5,"minecraft:stone_sword":1,"minecraft:cobbled_deepslate":1,"minecraft:raw_copper":16,"minecraft:netherite_sword":1,"minecraft:tuff":3,"minecraft:raw_iron":1,"minecraft:rotten_flesh":4,"minecraft:carrot":29,"minecraft:gunpowder":7,"iceandfire:silver_ingot":1,"minecraft:golden_leggings":1,"minecraft:stone_bricks":2,"minecraft:iron_bars":4,"minecraft:arrow":7,"minecraft:wooden_pickaxe":1,"minecraft:calcite":4,"iceandfire:manuscript":7,"minecraft:black_wool":1},"minecraft:crafted":{"minecraft:oak_planks":24,"minecraft:furnace":1,"minecraft:bone_meal":114,"minecraft:iron_boots":1,"minecraft:stone_pickaxe":4,"minecraft:wheat":162,"iceandfire:silver_ingot":8,"minecraft:crafting_table":3,"minecraft:spruce_planks":36,"minecraft:wooden_pickaxe":2,"minecraft:baked_potato":19,"minecraft:stone_axe":2,"minecraft:bread":76,"minecraft:charcoal":4,"minecraft:shield":1,"minecraft:stick":40,"minecraft:iron_ingot":25,"minecraft:stone_sword":1,"minecraft:iron_leggings":1,"minecraft:torch":4,"iceandfire:silver_pickaxe":2,"iceandfire:silver_sword":1},"minecraft:killed_by":{"minecraft:player":1,"mowziesmobs:ferrous_wroughtnaut":17,"man:managgresive":1,"iceandfire:gorgon":1,"minecraft:cave_spider":3,"mutantmonsters:mutant_skeleton":1,"minecraft:skeleton":15,"artifacts:mimic":6,"minecraft:zombie":1,"iceandfire:ghost":1,"iceandfire:fire_dragon":4},"minecraft:picked_up":{"minecraft:coarse_dirt":5,"minecraft:crafting_table":3,"minecraft:wheat":92,"artifacts:night_vision_goggles":2,"minecraft:brown_mushroom":1,"iceandfire:dragonegg_white":1,"minecraft:wither_rose":2,"minecraft:chain":6,"gravestone:obituary":36,"minecraft:amethyst_block":2,"iceandfire:manuscript":14,"minecraft:string":43,"minecraft:raw_copper":12,"iceandfire:graveyard_soil":8,"minecraft:cracked_stone_bricks":2,"minecraft:gold_nugget":10,"minecraft:cobbled_deepslate":94,"minecraft:netherite_sword":1,"minecraft:bucket":1,"minecraft:spruce_planks":1,"minecraft:beef":11,"minecraft:calcite":4,"minecraft:furnace":1,"minecraft:stick":11,"minecraft:raw_iron":42,"iceandfire:ghost_chest":1,"minecraft:oak_door":3,"minecraft:copper_ingot":1,"travelersbackpack:netherite":1,"minecraft:oak_fence":1,"minecraft:torch":60,"minecraft:porkchop":4,"minecraft:diorite":120,"aether:golden_gloves":2,"minecraft:carrot":90,"iceandfire:silver_ingot":2,"minecraft:stone_sword":1,"minecraft:arrow":28,"minecraft:rotten_flesh":9,"minecraft:hay_block":18,"minecraft:gold_ingot":2,"minecraft:netherite_chestplate":3,"minecraft:mutton":2,"minecraft:iron_bars":12,"minecraft:skeleton_skull":2,"minecraft:snowball":10,"minecraft:white_wool":3,"minecraft:cobblestone":670,"minecraft:stripped_oak_log":1,"minecraft:netherite_boots":1,"artifacts:digging_claws":2,"minecraft:andesite":6,"minecraft:leather":4,"minecraft:golden_leggings":1,"minecraft:potato":28,"artifacts:anglers_hat":3,"minecraft:flint":1,"minecraft:tuff":17,"minecraft:oak_log":21,"artifacts:superstitious_hat":1,"minecraft:magenta_bed":3,"minecraft:gunpowder":7,"minecraft:cobblestone_stairs":8,"mowziesmobs:wrought_axe":1,"minecraft:netherite_leggings":1,"minecraft:lapis_lazuli":6,"minecraft:dirt":203,"artifacts:flippers":2,"man:cassette_1safetyinstructions":1,"minecraft:bone":35,"minecraft:stone_bricks":2,"minecraft:wheat_seeds":258,"minecraft:raw_gold":1,"artifacts:antidote_vessel":1,"minecraft:glass_bottle":5,"minecraft:oak_planks":2,"iceandfire:dragonegg_black":1,"minecraft:sweet_berries":249,"iceandfire:ash":1,"minecraft:dandelion":3,"minecraft:gravel":22,"minecraft:amethyst_shard":4,"mowziesmobs:wrought_helmet":1,"minecraft:spruce_sapling":2,"minecraft:blast_furnace":2,"minecraft:white_bed":1,"minecraft:spruce_log":9,"iceandfire:frozen_dirt":1,"minecraft:mossy_cobblestone":3,"travelersbackpack:standard":1,"minecraft:purple_bed":8,"minecraft:netherite_helmet":1,"minecraft:iron_helmet":2,"minecraft:granite":29,"minecraft:baked_potato":15,"minecraft:black_wool":1,"minecraft:coal":37,"iceandfire:raw_silver":23,"aether:shield_of_repulsion":1},"minecraft:mined":{"minecraft:large_amethyst_bud":1,"minecraft:tuff":17,"minecraft:white_bed":1,"iceandfire:silver_ore":14,"minecraft:mossy_cobblestone":3,"minecraft:granite":34,"gravestone:gravestone":39,"minecraft:budding_amethyst":1,"minecraft:grass_block":20,"iceandfire:deepslate_silver_ore":9,"minecraft:spruce_leaves":31,"minecraft:large_fern":2,"minecraft:hay_block":18,"minecraft:smooth_stone":1,"minecraft:carrots":23,"minecraft:furnace":1,"minecraft:iron_ore":13,"minecraft:andesite":9,"minecraft:potatoes":7,"minecraft:deepslate_iron_ore":27,"minecraft:vine":2,"minecraft:iron_bars":4,"minecraft:stripped_oak_log":1,"minecraft:stone":380,"minecraft:brown_mushroom":1,"minecraft:dandelion":1,"minecraft:amethyst_cluster":1,"iceandfire:dragon_ice_spikes":56,"minecraft:crafting_table":3,"minecraft:torch":9,"minecraft:blast_furnace":2,"minecraft:calcite":2,"iceandfire:ghost_chest":1,"iceandfire:frozen_dirt":1,"minecraft:tall_grass":2,"minecraft:cobblestone":87,"minecraft:lapis_ore":3,"minecraft:diorite":40,"minecraft:wall_torch":11,"minecraft:amethyst_block":1,"minecraft:skeleton_skull":2,"minecraft:purple_bed":8,"minecraft:coarse_dirt":5,"minecraft:wheat":105,"minecraft:sweet_berry_bush":48,"minecraft:magenta_bed":3,"minecraft:spruce_log":8,"minecraft:grass":15,"minecraft:coal_ore":35,"minecraft:oak_log":21,"minecraft:gravel":18,"minecraft:dirt":107,"minecraft:cobweb":5,"minecraft:cracked_stone_bricks":1,"minecraft:stone_bricks":1,"minecraft:gold_ore":1,"minecraft:oak_leaves":4,"minecraft:deepslate":97,"minecraft:fern":2},"minecraft:custom":{"minecraft:mob_kills":32,"minecraft:interact_with_crafting_table":26,"minecraft:open_barrel":9,"minecraft:interact_with_campfire":4,"minecraft:bell_ring":1,"minecraft:leave_game":15,"minecraft:time_since_death":7385,"minecraft:climb_one_cm":2266,"minecraft:damage_resisted":78,"minecraft:sprint_one_cm":1116300,"minecraft:walk_one_cm":654558,"minecraft:damage_blocked_by_shield":450,"minecraft:drop":140,"minecraft:talked_to_villager":1,"minecraft:play_time":379605,"minecraft:sneak_time":61358,"minecraft:deaths":51,"minecraft:walk_under_water_one_cm":13858,"minecraft:jump":6167,"minecraft:interact_with_blast_furnace":12,"minecraft:walk_on_water_one_cm":37608,"minecraft:total_world_time":379605,"minecraft:interact_with_furnace":22,"minecraft:interact_with_loom":1,"minecraft:sleep_in_bed":16,"minecraft:time_since_rest":7749,"minecraft:waystone_activated":3,"minecraft:damage_taken":2147483647,"minecraft:damage_absorbed":165,"minecraft:trigger_trapped_chest":1,"minecraft:damage_dealt":10584,"minecraft:swim_one_cm":42389,"minecraft:fly_one_cm":1353303,"minecraft:open_chest":44,"minecraft:crouch_one_cm":103660,"minecraft:interact_with_smoker":1,"minecraft:fall_one_cm":164999},"minecraft:killed":{"minecraft:spider":2,"minecraft:skeleton":2,"mowziesmobs:ferrous_wroughtnaut":1,"alexsmobs:bison":1,"artifacts:mimic":3,"minecraft:pig":2,"minecraft:zombie_villager":1,"minecraft:creeper":1,"minecraft:sheep":2,"minecraft:pillager":5,"minecraft:zombie":7,"apollyon:the_damned":3,"minecraft:cow":1},"minecraft:broken":{"iceandfire:dragonsteel_lightning_leggings":1,"iceandfire:silver_pickaxe":1,"iceandfire:dragonsteel_lightning_boots":1,"minecraft:shield":1,"iceandfire:dragonsteel_lightning_helmet":1,"iceandfire:dragonsteel_lightning_chestplate":1},"minecraft:used":{"minecraft:netherite_sword":82,"minecraft:stone_sword":40,"iceandfire:silver_sword":1,"minecraft:spruce_planks":1,"minecraft:shield":1,"minecraft:iron_sword":40,"minecraft:rotten_flesh":8,"minecraft:torch":36,"minecraft:dirt":103,"minecraft:mutton":2,"minecraft:carrot":52,"minecraft:tuff":6,"minecraft:milk_bucket":2,"minecraft:warden_spawn_egg":1,"minecraft:lava_bucket":1,"iceandfire:ghost_chest":1,"iceandfire:dragonsteel_fire_sword":12,"minecraft:golden_carrot":1,"minecraft:beef":10,"minecraft:sweet_berries":278,"minecraft:furnace":1,"minecraft:potato":4,"iceandfire:dragonsteel_fire_pickaxe":150,"minecraft:enchanted_golden_apple":2,"minecraft:cobbled_deepslate":2,"minecraft:wheat_seeds":76,"minecraft:baked_potato":19,"minecraft:stone_pickaxe":136,"minecraft:wooden_pickaxe":33,"minecraft:netherite_chestplate":1,"iceandfire:frozen_dirt":1,"minecraft:crafting_table":6,"minecraft:magenta_bed":2,"minecraft:blast_furnace":1,"iceandfire:dragonegg_white":1,"mowziesmobs:wrought_axe":4,"iceandfire:silver_pickaxe":523,"iceandfire:dragonegg_black":1,"minecraft:iron_pickaxe":62,"minecraft:bread":17,"minecraft:gravel":2,"minecraft:stone_axe":20,"minecraft:cobblestone":220,"minecraft:potion":2,"minecraft:purple_bed":8,"minecraft:bucket":2,"alexsmobs:animal_dictionary":1,"minecraft:wither_rose":1,"minecraft:coarse_dirt":5,"minecraft:bone_meal":114}},"DataVersion":3465}