{"stats":{"minecraft:dropped":{"minecraft:bread":27,"minecraft:wheat_seeds":2,"minecraft:netherite_chestplate":3,"minecraft:cobblestone":47,"minecraft:cracked_stone_bricks":2,"minecraft:copper_ingot":1,"artifacts:anglers_hat":2,"iceandfire:graveyard_soil":4,"minecraft:dirt":1,"minecraft:torch":1,"minecraft:chain":3,"gravestone:obituary":17,"minecraft:gold_nugget":10,"iceandfire:ash":1,"minecraft:bone":1,"minecraft:furnace":1,"minecraft:stone_sword":1,"minecraft:tuff":3,"minecraft:rotten_flesh":4,"minecraft:carrot":28,"iceandfire:silver_ingot":1,"minecraft:stone_bricks":2,"minecraft:wooden_pickaxe":1,"iceandfire:manuscript":7,"minecraft:black_wool":1},"minecraft:killed":{"minecraft:spider":2,"minecraft:skeleton":1,"alexsmobs:bison":1,"artifacts:mimic":3,"minecraft:pig":2,"minecraft:zombie_villager":1,"minecraft:creeper":1,"minecraft:sheep":1,"minecraft:zombie":6,"apollyon:the_damned":2},"minecraft:killed_by":{"minecraft:player":1,"mowziesmobs:ferrous_wroughtnaut":1,"man:managgresive":1,"minecraft:cave_spider":3,"mutantmonsters:mutant_skeleton":1,"minecraft:skeleton":15,"artifacts:mimic":6,"minecraft:zombie":1,"iceandfire:ghost":1,"iceandfire:fire_dragon":4},"minecraft:crafted":{"minecraft:oak_planks":24,"minecraft:furnace":1,"minecraft:iron_boots":1,"minecraft:stone_pickaxe":4,"minecraft:wheat":162,"iceandfire:silver_ingot":8,"minecraft:crafting_table":3,"minecraft:spruce_planks":36,"minecraft:wooden_pickaxe":2,"minecraft:stone_axe":2,"minecraft:bread":54,"minecraft:charcoal":4,"minecraft:shield":1,"minecraft:stick":40,"minecraft:iron_ingot":25,"minecraft:stone_sword":1,"minecraft:iron_leggings":1,"minecraft:torch":4,"iceandfire:silver_pickaxe":2,"iceandfire:silver_sword":1},"minecraft:custom":{"minecraft:mob_kills":21,"minecraft:interact_with_crafting_table":23,"minecraft:open_barrel":9,"minecraft:interact_with_campfire":4,"minecraft:bell_ring":1,"minecraft:leave_game":12,"minecraft:time_since_death":4262,"minecraft:climb_one_cm":2266,"minecraft:damage_resisted":78,"minecraft:sprint_one_cm":832707,"minecraft:walk_one_cm":551291,"minecraft:drop":50,"minecraft:talked_to_villager":1,"minecraft:play_time":288516,"minecraft:sneak_time":39785,"minecraft:deaths":34,"minecraft:walk_under_water_one_cm":11650,"minecraft:jump":4779,"minecraft:interact_with_blast_furnace":12,"minecraft:walk_on_water_one_cm":27912,"minecraft:total_world_time":288516,"minecraft:interact_with_furnace":16,"minecraft:interact_with_loom":1,"minecraft:sleep_in_bed":13,"minecraft:time_since_rest":4302,"minecraft:waystone_activated":3,"minecraft:damage_taken":12103,"minecraft:damage_absorbed":165,"minecraft:trigger_trapped_chest":1,"minecraft:damage_dealt":7332,"minecraft:swim_one_cm":37372,"minecraft:fly_one_cm":1193192,"minecraft:open_chest":37,"minecraft:crouch_one_cm":77186,"minecraft:interact_with_smoker":1,"minecraft:fall_one_cm":122862},"minecraft:picked_up":{"minecraft:crafting_table":3,"minecraft:coarse_dirt":5,"minecraft:wheat":10,"minecraft:brown_mushroom":1,"iceandfire:dragonegg_white":1,"minecraft:wither_rose":1,"minecraft:chain":6,"gravestone:obituary":8,"minecraft:amethyst_block":1,"iceandfire:manuscript":14,"minecraft:string":9,"iceandfire:graveyard_soil":8,"minecraft:cracked_stone_bricks":2,"minecraft:cobbled_deepslate":93,"minecraft:gold_nugget":10,"minecraft:spruce_planks":1,"minecraft:beef":8,"minecraft:calcite":2,"minecraft:furnace":1,"minecraft:stick":11,"minecraft:raw_iron":39,"iceandfire:ghost_chest":1,"minecraft:oak_door":3,"minecraft:oak_fence":1,"minecraft:copper_ingot":1,"minecraft:torch":49,"minecraft:porkchop":4,"minecraft:diorite":40,"minecraft:carrot":52,"minecraft:stone_sword":1,"iceandfire:silver_ingot":2,"minecraft:arrow":21,"minecraft:rotten_flesh":9,"minecraft:hay_block":18,"minecraft:gold_ingot":2,"minecraft:netherite_chestplate":2,"minecraft:iron_bars":2,"minecraft:mutton":1,"minecraft:snowball":10,"minecraft:skeleton_skull":2,"minecraft:cobblestone":445,"minecraft:stripped_oak_log":1,"minecraft:andesite":6,"minecraft:potato":9,"artifacts:anglers_hat":3,"minecraft:flint":1,"minecraft:tuff":17,"minecraft:oak_log":21,"minecraft:magenta_bed":1,"minecraft:gunpowder":1,"minecraft:lapis_lazuli":6,"minecraft:dirt":144,"artifacts:flippers":2,"minecraft:bone":28,"minecraft:stone_bricks":2,"minecraft:wheat_seeds":38,"minecraft:raw_gold":1,"artifacts:antidote_vessel":1,"minecraft:oak_planks":2,"iceandfire:dragonegg_black":1,"minecraft:sweet_berries":239,"iceandfire:ash":1,"minecraft:amethyst_shard":2,"minecraft:gravel":20,"minecraft:spruce_sapling":2,"minecraft:blast_furnace":2,"minecraft:spruce_log":9,"iceandfire:frozen_dirt":1,"minecraft:mossy_cobblestone":3,"minecraft:purple_bed":6,"minecraft:granite":27,"minecraft:black_wool":1,"minecraft:coal":34,"iceandfire:raw_silver":18},"minecraft:used":{"minecraft:netherite_sword":81,"minecraft:stone_sword":40,"iceandfire:silver_sword":1,"minecraft:spruce_planks":1,"minecraft:iron_sword":40,"minecraft:rotten_flesh":8,"minecraft:torch":20,"minecraft:dirt":70,"minecraft:mutton":1,"minecraft:carrot":37,"minecraft:tuff":6,"minecraft:milk_bucket":1,"minecraft:warden_spawn_egg":1,"iceandfire:ghost_chest":1,"minecraft:beef":8,"minecraft:sweet_berries":278,"minecraft:furnace":1,"minecraft:enchanted_golden_apple":2,"minecraft:wheat_seeds":20,"minecraft:stone_pickaxe":136,"minecraft:netherite_chestplate":1,"minecraft:wooden_pickaxe":33,"iceandfire:frozen_dirt":1,"minecraft:crafting_table":6,"minecraft:blast_furnace":1,"iceandfire:dragonegg_white":1,"iceandfire:silver_pickaxe":411,"iceandfire:dragonegg_black":1,"minecraft:iron_pickaxe":62,"minecraft:bread":13,"minecraft:stone_axe":20,"minecraft:cobblestone":93,"minecraft:potion":2,"minecraft:purple_bed":6,"alexsmobs:animal_dictionary":1,"minecraft:coarse_dirt":5},"minecraft:mined":{"minecraft:large_amethyst_bud":1,"minecraft:tuff":17,"iceandfire:silver_ore":9,"minecraft:mossy_cobblestone":3,"minecraft:budding_amethyst":1,"gravestone:gravestone":21,"minecraft:granite":26,"minecraft:grass_block":19,"iceandfire:deepslate_silver_ore":9,"minecraft:spruce_leaves":31,"minecraft:large_fern":2,"minecraft:hay_block":18,"minecraft:furnace":1,"minecraft:carrots":19,"minecraft:iron_ore":12,"minecraft:andesite":9,"minecraft:potatoes":1,"minecraft:deepslate_iron_ore":27,"minecraft:vine":2,"minecraft:iron_bars":2,"minecraft:stripped_oak_log":1,"minecraft:stone":255,"minecraft:brown_mushroom":1,"minecraft:amethyst_cluster":1,"minecraft:crafting_table":3,"iceandfire:dragon_ice_spikes":2,"minecraft:torch":6,"minecraft:blast_furnace":2,"minecraft:calcite":2,"iceandfire:ghost_chest":1,"iceandfire:frozen_dirt":1,"minecraft:tall_grass":1,"minecraft:cobblestone":35,"minecraft:lapis_ore":1,"minecraft:diorite":40,"minecraft:wall_torch":8,"minecraft:amethyst_block":1,"minecraft:skeleton_skull":2,"minecraft:purple_bed":6,"minecraft:coarse_dirt":5,"minecraft:wheat":19,"minecraft:sweet_berry_bush":48,"minecraft:magenta_bed":1,"minecraft:spruce_log":8,"minecraft:grass":3,"minecraft:oak_log":21,"minecraft:coal_ore":35,"minecraft:gravel":18,"minecraft:dirt":67,"minecraft:cobweb":5,"minecraft:cracked_stone_bricks":1,"minecraft:stone_bricks":1,"minecraft:gold_ore":1,"minecraft:oak_leaves":4,"minecraft:deepslate":97,"minecraft:fern":2}},"DataVersion":3465}