{"stats":{"minecraft:used":{"minecraft:stone_sword":11,"minecraft:bread":2,"minecraft:spruce_planks":1,"minecraft:wooden_pickaxe":29,"minecraft:stone_axe":1,"minecraft:dirt":6,"minecraft:mutton":1,"minecraft:purple_bed":1,"minecraft:sweet_berries":42,"minecraft:crafting_table":1,"alexsmobs:animal_dictionary":1},"minecraft:crafted":{"minecraft:crafting_table":1,"minecraft:spruce_planks":24,"minecraft:stick":12,"minecraft:wooden_pickaxe":1,"minecraft:stone_pickaxe":1,"minecraft:stone_sword":1,"minecraft:stone_axe":1},"minecraft:picked_up":{"minecraft:stick":7,"minecraft:crafting_table":1,"minecraft:sweet_berries":77,"minecraft:porkchop":4,"minecraft:spruce_sapling":1,"minecraft:spruce_log":6,"minecraft:dirt":33,"minecraft:purple_bed":2,"minecraft:black_wool":1,"minecraft:mutton":1,"minecraft:snowball":10,"minecraft:cobblestone":20},"minecraft:killed":{"minecraft:sheep":1,"minecraft:pig":2},"minecraft:mined":{"minecraft:purple_bed":2,"minecraft:sweet_berry_bush":4,"minecraft:spruce_log":5,"minecraft:crafting_table":1,"minecraft:grass_block":4,"minecraft:gravel":1,"minecraft:dirt":15,"minecraft:spruce_leaves":13,"minecraft:stone":14},"minecraft:killed_by":{"mutantmonsters:mutant_skeleton":1},"minecraft:custom":{"minecraft:time_since_rest":2743,"minecraft:sprint_one_cm":92062,"minecraft:damage_taken":521,"minecraft:walk_one_cm":64435,"minecraft:mob_kills":3,"minecraft:damage_dealt":280,"minecraft:swim_one_cm":22411,"minecraft:interact_with_crafting_table":3,"minecraft:fly_one_cm":74148,"minecraft:open_chest":4,"minecraft:crouch_one_cm":5750,"minecraft:play_time":33759,"minecraft:deaths":1,"minecraft:interact_with_campfire":4,"minecraft:sneak_time":6432,"minecraft:walk_under_water_one_cm":2854,"minecraft:jump":469,"minecraft:leave_game":5,"minecraft:time_since_death":2695,"minecraft:walk_on_water_one_cm":6168,"minecraft:sleep_in_bed":3,"minecraft:total_world_time":33759,"minecraft:fall_one_cm":14908}},"DataVersion":3465}