{"stats":{"minecraft:dropped":{"aether:valkyrie_gloves":1,"minecraft:glass_bottle":5,"iceandfire:chared_dirt":1,"minecraft:leather":6,"minecraft:cracked_stone_bricks":2,"iceandfire:gorgon_head":1,"artifacts:anglers_hat":2,"iceandfire:graveyard_soil":4,"minecraft:cobblestone_stairs":8,"artifacts:night_vision_goggles":1,"minecraft:dirt":45,"minecraft:snowball":24,"minecraft:chain":3,"gravestone:obituary":72,"minecraft:gold_nugget":42,"minecraft:amethyst_shard":4,"iceandfire:ash":1,"minecraft:white_wool":3,"minecraft:bone":8,"minecraft:gravel":2,"minecraft:cobbled_deepslate":2,"minecraft:netherite_sword":1,"minecraft:wheat":9,"alexscaves:tough_hide":1,"minecraft:rotten_flesh":13,"minecraft:oak_planks":1,"minecraft:carrot":29,"minecraft:gunpowder":7,"minecraft:iron_bars":12,"minecraft:arrow":22,"iceandfire:dragonsteel_fire_pickaxe":1,"iceandfire:manuscript":7,"minecraft:bread":46,"travelersbackpack:netherite":1,"minecraft:wheat_seeds":75,"minecraft:mossy_cobblestone":1,"mowziesmobs:foliaath_seed":2,"minecraft:netherite_chestplate":6,"minecraft:iron_helmet":1,"minecraft:cobblestone":143,"minecraft:apple":3,"minecraft:amethyst_block":2,"minecraft:copper_ingot":1,"minecraft:coal":3,"mowziesmobs:wrought_axe":1,"mowziesmobs:sol_visage":1,"minecraft:diorite":40,"minecraft:torch":3,"iceandfire:dragonegg_white":1,"artifacts:crystal_heart":1,"mowziesmobs:wrought_helmet":1,"minecraft:wither_rose":2,"minecraft:smooth_stone":1,"iceandfire:dragonsteel_fire_sword":2,"minecraft:string":68,"minecraft:bucket":1,"minecraft:dandelion":3,"minecraft:furnace":1,"minecraft:sweet_berries":5,"minecraft:stone_sword":1,"minecraft:raw_copper":16,"minecraft:tuff":3,"minecraft:raw_iron":1,"minecraft:iron_boots":4,"iceandfire:dragonegg_black":1,"minecraft:netherite_leggings":4,"aether:book_of_lore":1,"alexscaves:radgill":2,"iceandfire:silver_ingot":1,"minecraft:golden_leggings":2,"minecraft:stone_bricks":2,"minecraft:wooden_pickaxe":1,"alexscaves:charred_remnant":1,"minecraft:calcite":4,"minecraft:black_wool":1},"minecraft:crafted":{"minecraft:oak_planks":36,"minecraft:iron_boots":1,"minecraft:crafting_table":4,"minecraft:spruce_planks":36,"minecraft:wooden_pickaxe":3,"minecraft:baked_potato":19,"minecraft:charcoal":4,"minecraft:shield":2,"minecraft:stick":48,"minecraft:iron_ingot":25,"minecraft:stone_sword":1,"iceandfire:silver_sword":1,"minecraft:fishing_rod":1,"minecraft:furnace":1,"minecraft:bone_meal":114,"minecraft:stone_pickaxe":4,"minecraft:wheat":414,"iceandfire:silver_ingot":22,"minecraft:stone_axe":2,"minecraft:bread":158,"minecraft:iron_leggings":1,"minecraft:torch":4,"iceandfire:silver_pickaxe":3},"minecraft:killed_by":{"iceandfire:cyclops":1,"minecraft:creeper":1,"man:managgresive":2,"minecraft:cave_spider":3,"artifacts:mimic":6,"minecraft:zombie":2,"iceandfire:fire_dragon":6,"minecraft:player":1,"mowziesmobs:ferrous_wroughtnaut":21,"iceandfire:gorgon":2,"apollyon:the_damned":1,"minecraft:warden":2,"mutantmonsters:mutant_skeleton":1,"minecraft:skeleton":15,"iceandfire:ghost":1,"cave_dweller:cave_dweller":2},"minecraft:picked_up":{"minecraft:wheat":92,"alexscaves:radgill":3,"alexscaves:tough_hide":1,"iceandfire:dragonegg_white":3,"minecraft:wither_rose":6,"minecraft:amethyst_block":2,"iceandfire:manuscript":14,"minecraft:string":75,"minecraft:raw_copper":12,"minecraft:cobbled_deepslate":94,"minecraft:gold_nugget":58,"minecraft:bucket":1,"minecraft:spruce_planks":1,"minecraft:calcite":4,"minecraft:iron_boots":3,"minecraft:furnace":1,"minecraft:stick":11,"iceandfire:ghost_chest":1,"mowziesmobs:sol_visage":1,"minecraft:oak_fence":1,"minecraft:torch":61,"minecraft:porkchop":4,"minecraft:diorite":144,"aether:golden_gloves":3,"minecraft:stone_sword":1,"minecraft:rotten_flesh":16,"minecraft:netherite_chestplate":5,"minecraft:iron_bars":16,"minecraft:snowball":34,"minecraft:cobblestone":787,"minecraft:feather":3,"minecraft:andesite":6,"minecraft:golden_leggings":1,"minecraft:potato":28,"minecraft:flint":1,"minecraft:tuff":17,"minecraft:magenta_bed":3,"minecraft:lapis_lazuli":6,"minecraft:netherite_leggings":4,"minecraft:dirt":303,"artifacts:flippers":2,"minecraft:bone":35,"minecraft:wheat_seeds":264,"minecraft:raw_gold":1,"aether:book_of_lore":1,"artifacts:antidote_vessel":1,"minecraft:oak_planks":2,"iceandfire:frozen_dirt":1,"minecraft:mossy_cobblestone":4,"iceandfire:dragonegg_red":3,"minecraft:diamond":4,"minecraft:netherite_helmet":1,"artifacts:crystal_heart":1,"minecraft:granite":29,"minecraft:emerald":7,"iceandfire:gorgon_head":2,"iceandfire:raw_silver":23,"aether:shield_of_repulsion":1,"minecraft:crafting_table":3,"minecraft:coarse_dirt":5,"artifacts:night_vision_goggles":6,"minecraft:brown_mushroom":1,"minecraft:wooden_pickaxe":1,"minecraft:chain":6,"gravestone:obituary":40,"alexscaves:tectonic_shard":9,"iceandfire:graveyard_soil":8,"minecraft:cracked_stone_bricks":2,"minecraft:netherite_sword":1,"minecraft:beef":11,"minecraft:egg":1,"minecraft:raw_iron":42,"minecraft:oak_door":3,"travelersbackpack:netherite":2,"minecraft:copper_ingot":1,"minecraft:carrot":90,"iceandfire:silver_ingot":2,"minecraft:arrow":36,"iceandfire:chared_dirt":2,"minecraft:hay_block":46,"mowziesmobs:ice_crystal":1,"artifacts:pocket_piston":1,"minecraft:gold_ingot":2,"minecraft:mutton":2,"minecraft:skeleton_skull":2,"minecraft:white_wool":3,"minecraft:stripped_oak_log":1,"minecraft:netherite_boots":1,"artifacts:digging_claws":3,"minecraft:leather":4,"artifacts:anglers_hat":3,"minecraft:oak_log":24,"artifacts:superstitious_hat":1,"minecraft:gunpowder":7,"minecraft:cobblestone_stairs":8,"alexscaves:charred_remnant":1,"mowziesmobs:wrought_axe":3,"man:cassette_1safetyinstructions":1,"alexscaves:amber":2,"minecraft:apple":3,"minecraft:stone_bricks":2,"alexscaves:cooked_dinosaur_chop":2,"mowziesmobs:foliaath_seed":2,"minecraft:iron_ingot":10,"minecraft:glass_bottle":5,"mowziesmobs:umvuthana_mask_misery":1,"aether:valkyrie_gloves":3,"iceandfire:dragonegg_black":6,"minecraft:sweet_berries":249,"iceandfire:dragonsteel_fire_sword":1,"iceandfire:ash":1,"minecraft:dandelion":3,"minecraft:gravel":22,"minecraft:amethyst_shard":4,"mowziesmobs:wrought_helmet":2,"minecraft:spruce_sapling":2,"minecraft:blast_furnace":2,"minecraft:white_bed":1,"minecraft:spruce_log":9,"travelersbackpack:standard":2,"minecraft:purple_bed":8,"minecraft:iron_helmet":2,"minecraft:baked_potato":15,"minecraft:black_wool":1,"minecraft:coal":47,"iceandfire:chared_gravel":1},"minecraft:mined":{"minecraft:large_amethyst_bud":1,"minecraft:white_bed":1,"alexsmobs:rainbow_glass":3,"minecraft:granite":34,"minecraft:budding_amethyst":1,"minecraft:grass_block":44,"minecraft:smooth_stone":1,"minecraft:iron_ore":13,"minecraft:fire":8,"iceandfire:gold_pile":1,"minecraft:iron_bars":4,"minecraft:brown_mushroom":1,"alexscaves:amber":4,"minecraft:amethyst_cluster":1,"iceandfire:dragon_ice_spikes":70,"minecraft:torch":9,"minecraft:blast_furnace":2,"minecraft:calcite":2,"iceandfire:ghost_chest":1,"minecraft:chest":1,"iceandfire:frozen_dirt":1,"minecraft:cobblestone":130,"minecraft:wall_torch":12,"minecraft:amethyst_block":1,"minecraft:skeleton_skull":2,"minecraft:wheat":105,"minecraft:magenta_bed":3,"minecraft:grass":31,"minecraft:oak_log":24,"minecraft:dirt":121,"minecraft:oak_leaves":4,"minecraft:deepslate":97,"alexscaves:flood_basalt":2,"minecraft:tuff":17,"iceandfire:silver_ore":14,"minecraft:mossy_cobblestone":4,"gravestone:gravestone":55,"iceandfire:deepslate_silver_ore":9,"iceandfire:chared_dirt":2,"minecraft:spruce_leaves":31,"minecraft:large_fern":2,"minecraft:hay_block":46,"minecraft:furnace":1,"minecraft:carrots":23,"iceandfire:chared_gravel":2,"minecraft:andesite":9,"minecraft:potatoes":7,"minecraft:deepslate_iron_ore":27,"minecraft:vine":4,"minecraft:stripped_oak_log":1,"minecraft:stone":398,"minecraft:white_wool":1,"minecraft:dandelion":1,"minecraft:oak_fence":4,"minecraft:crafting_table":3,"minecraft:tall_grass":4,"minecraft:lapis_ore":3,"minecraft:diorite":65,"minecraft:purple_bed":8,"minecraft:coarse_dirt":5,"minecraft:sweet_berry_bush":48,"minecraft:spruce_log":8,"minecraft:coal_ore":35,"minecraft:gravel":18,"minecraft:cobweb":5,"minecraft:cracked_stone_bricks":1,"minecraft:stone_bricks":1,"minecraft:gold_ore":1,"minecraft:fern":2},"minecraft:custom":{"minecraft:interact_with_crafting_table":34,"minecraft:open_barrel":9,"minecraft:bell_ring":1,"minecraft:leave_game":17,"minecraft:time_since_death":816,"minecraft:damage_resisted":807,"minecraft:sprint_one_cm":1520753,"minecraft:damage_blocked_by_shield":1050,"minecraft:drop":217,"minecraft:talked_to_villager":4,"minecraft:play_time":557051,"minecraft:deaths":67,"minecraft:jump":11053,"minecraft:walk_on_water_one_cm":45753,"minecraft:interact_with_furnace":23,"minecraft:interact_with_loom":1,"minecraft:sleep_in_bed":22,"minecraft:waystone_activated":3,"minecraft:damage_dealt":44229,"minecraft:crouch_one_cm":113369,"minecraft:interact_with_smoker":1,"minecraft:mob_kills":85,"minecraft:interact_with_campfire":4,"minecraft:damage_dealt_resisted":150,"minecraft:climb_one_cm":3009,"minecraft:walk_one_cm":840381,"minecraft:sneak_time":72057,"minecraft:walk_under_water_one_cm":14840,"minecraft:interact_with_blast_furnace":16,"minecraft:total_world_time":557051,"minecraft:time_since_rest":849,"minecraft:damage_taken":2147483647,"minecraft:damage_absorbed":1796,"minecraft:trigger_trapped_chest":2,"minecraft:swim_one_cm":51781,"minecraft:fly_one_cm":2093459,"minecraft:open_chest":84,"minecraft:fall_one_cm":313266},"minecraft:killed":{"mowziesmobs:umvuthi":1,"iceandfire:gorgon":1,"minecraft:spider":3,"mowziesmobs:frostmaw":1,"minecraft:skeleton":3,"mowziesmobs:umvuthana_crane":2,"mowziesmobs:foliaath":2,"artifacts:mimic":3,"minecraft:pig":2,"minecraft:zombie_villager":1,"minecraft:creeper":1,"minecraft:sheep":2,"minecraft:pillager":5,"minecraft:zombie":14,"alexscaves:luxtructosaurus":1,"iceandfire:stone_statue":2,"apollyon:the_damned":7,"minecraft:cow":1,"alexscaves:vallumraptor":1,"alexscaves:tremorsaurus":1,"alexscaves:raycat":1,"minecraft:phantom":1,"mowziesmobs:ferrous_wroughtnaut":2,"iceandfire:fire_dragon":1,"alexsmobs:bison":1,"minecraft:warden":1,"alexscaves:relicheirus":2,"mowziesmobs:umvuthana":16,"iceandfire:ghost":1,"alexscaves:subterranodon":1,"alexsmobs:gazelle":1,"alexscaves:grottoceratops":1},"minecraft:broken":{"iceandfire:silver_pickaxe":1,"iceandfire:dragonsteel_lightning_helmet":1,"minecraft:fishing_rod":1,"iceandfire:dragonsteel_lightning_chestplate":1,"iceandfire:dragonsteel_lightning_leggings":1,"aether:golden_parachute":1,"iceandfire:dragonsteel_lightning_boots":1,"minecraft:shield":2,"minecraft:netherite_boots":1},"minecraft:used":{"apollyon:the_infector_spawn_egg":1,"iceandfire:dragonsteel_lightning_pickaxe":21,"minecraft:shield":3,"minecraft:iron_sword":40,"minecraft:rotten_flesh":10,"alexscaves:radgill":1,"minecraft:mutton":2,"mowziesmobs:wroughtnaut_spawn_egg":1,"minecraft:carrot":52,"minecraft:tuff":6,"minecraft:milk_bucket":2,"minecraft:warden_spawn_egg":5,"minecraft:lava_bucket":1,"iceandfire:ghost_chest":1,"iceandfire:dragonsteel_fire_sword":84,"minecraft:sweet_berries":278,"minecraft:furnace":1,"minecraft:potato":14,"minecraft:diorite":36,"minecraft:stone_pickaxe":136,"minecraft:wooden_pickaxe":45,"minecraft:white_wool":1,"iceandfire:frozen_dirt":1,"minecraft:blast_furnace":2,"iceandfire:silver_pickaxe":579,"travelersbackpack:netherite":1,"minecraft:bread":67,"minecraft:gravel":2,"minecraft:fire_charge":1,"iceandfire:dragonegg_red":4,"minecraft:coarse_dirt":5,"minecraft:bone_meal":114,"apollyon:the_damned_spawn_egg":1,"minecraft:netherite_sword":98,"minecraft:stone_sword":40,"iceandfire:silver_sword":1,"minecraft:flint_and_steel":2,"minecraft:spruce_planks":1,"minecraft:netherrack":1,"minecraft:torch":36,"minecraft:dirt":117,"minecraft:iron_boots":1,"minecraft:golden_carrot":12,"minecraft:beef":11,"iceandfire:dragonsteel_fire_pickaxe":176,"minecraft:cobbled_deepslate":2,"minecraft:enchanted_golden_apple":14,"minecraft:wheat_seeds":76,"mowziesmobs:umvuthana_spawn_egg":1,"cave_dweller:cave_dweller_spawn_egg":1,"minecraft:netherite_chestplate":1,"minecraft:baked_potato":19,"minecraft:snow_golem_spawn_egg":1,"mowziesmobs:foliaath_spawn_egg":1,"iceandfire:chared_dirt":1,"minecraft:crafting_table":7,"minecraft:magenta_bed":2,"iceandfire:dragonegg_white":3,"minecraft:white_bed":1,"mowziesmobs:wrought_axe":17,"iceandfire:dragonegg_black":6,"minecraft:apple":14,"minecraft:iron_pickaxe":62,"iceandfire:dragon_horn":8,"minecraft:stone_axe":20,"minecraft:fishing_rod":42,"iceandfire:chared_gravel":1,"minecraft:cobblestone":348,"minecraft:potion":2,"aether:golden_parachute":20,"travelersbackpack:standard":2,"minecraft:purple_bed":8,"iceandfire:dragonsteel_lightning_sword":114,"minecraft:bucket":2,"minecraft:wither_rose":2,"alexsmobs:animal_dictionary":1}},"DataVersion":3465}