{"stats":{"minecraft:crafted":{"minecraft:oak_boat":1,"minecraft:oak_planks":28,"minecraft:charcoal":3,"minecraft:crafting_table":2,"minecraft:stick":8,"minecraft:wooden_pickaxe":1,"minecraft:stone_pickaxe":1,"minecraft:wooden_axe":1,"minecraft:furnace":1,"minecraft:torch":4,"minecraft:stone_axe":1,"minecraft:shears":1,"minecraft:air":0},"minecraft:dropped":{"minecraft:rotten_flesh":2},"minecraft:picked_up":{"minecraft:crafting_table":1,"minecraft:stick":2,"minecraft:raw_iron":2,"minecraft:oak_log":10,"minecraft:dirt":17,"minecraft:rotten_flesh":2,"minecraft:apple":1,"minecraft:wheat_seeds":9,"minecraft:iron_ingot":2,"alexsmobs:maggot":2,"minecraft:oak_sapling":6,"minecraft:white_wool":7,"minecraft:cobblestone":51,"minecraft:furnace":1},"minecraft:killed_by":{"alexsmobs:bison":1},"minecraft:killed":{"minecraft:zombie":1,"minecraft:spider":1},"minecraft:mined":{"minecraft:furnace":1,"minecraft:iron_ore":2,"minecraft:crafting_table":1,"minecraft:torch":1,"minecraft:grass":117,"minecraft:grass_block":1,"minecraft:oak_log":10,"minecraft:dirt":1,"minecraft:tall_grass":15,"minecraft:stone":51,"minecraft:oak_leaves":6},"minecraft:custom":{"minecraft:time_since_rest":8606,"minecraft:interact_with_furnace":4,"minecraft:sprint_one_cm":48754,"minecraft:damage_taken":310,"minecraft:walk_one_cm":50847,"minecraft:mob_kills":2,"minecraft:drop":2,"minecraft:damage_dealt":282,"minecraft:interact_with_crafting_table":7,"minecraft:fly_one_cm":84197,"minecraft:play_time":24396,"minecraft:deaths":1,"minecraft:sneak_time":33,"minecraft:boat_one_cm":3,"minecraft:jump":382,"minecraft:leave_game":13,"minecraft:time_since_death":8536,"minecraft:walk_on_water_one_cm":1256,"minecraft:total_world_time":24396,"minecraft:fall_one_cm":11390},"minecraft:used":{"minecraft:wooden_axe":20,"minecraft:apple":1,"minecraft:stone_pickaxe":42,"minecraft:wooden_pickaxe":13,"minecraft:stone_axe":8,"minecraft:torch":1,"minecraft:crafting_table":2,"minecraft:furnace":1,"minecraft:oak_boat":1}},"DataVersion":3465}