{"stats":{"minecraft:used":{"minecraft:spruce_boat":2,"minecraft:cooked_mutton":4,"minecraft:wooden_axe":24,"minecraft:stone_shovel":56,"minecraft:stone_pickaxe":14,"minecraft:wooden_pickaxe":37,"minecraft:stone_axe":16,"minecraft:white_wool":3,"minecraft:dirt":73,"minecraft:mutton":1,"minecraft:beef":1,"minecraft:crafting_table":7,"minecraft:furnace":1,"alexsmobs:animal_dictionary":1,"minecraft:white_bed":3},"minecraft:crafted":{"minecraft:stone_shovel":1,"minecraft:crafting_table":4,"minecraft:spruce_planks":64,"minecraft:stick":8,"minecraft:wooden_pickaxe":1,"minecraft:stone_pickaxe":1,"minecraft:wooden_axe":1,"minecraft:furnace":1,"minecraft:white_bed":1,"minecraft:spruce_boat":2,"minecraft:stone_axe":1,"minecraft:air":0,"minecraft:cooked_mutton":6},"minecraft:picked_up":{"minecraft:stick":2,"minecraft:crafting_table":3,"minecraft:brown_wool":1,"minecraft:leather":2,"minecraft:spruce_sapling":2,"minecraft:diorite":1,"minecraft:white_bed":3,"minecraft:spruce_log":24,"minecraft:dirt":73,"minecraft:kelp":14,"minecraft:arrow":1,"minecraft:wheat_seeds":1,"minecraft:spruce_planks":73,"minecraft:beef":2,"minecraft:granite":4,"minecraft:mutton":9,"minecraft:coal":7,"minecraft:white_wool":8,"minecraft:cobblestone":41,"minecraft:furnace":1,"minecraft:egg":1},"minecraft:killed":{"minecraft:sheep":7,"minecraft:cow":2},"minecraft:mined":{"minecraft:white_bed":3,"minecraft:furnace":1,"minecraft:spruce_log":23,"minecraft:crafting_table":3,"gravestone:gravestone":4,"minecraft:granite":4,"minecraft:grass":2,"minecraft:grass_block":55,"minecraft:coal_ore":7,"minecraft:dirt":19,"minecraft:spruce_leaves":20,"minecraft:stone":30,"minecraft:fern":1,"minecraft:diorite":1,"minecraft:white_wool":1},"minecraft:killed_by":{"alexsmobs:moose":1,"minecraft:creeper":1,"iceandfire:fire_dragon":1,"alexsmobs:grizzly_bear":1},"minecraft:custom":{"minecraft:time_since_rest":1604,"minecraft:interact_with_furnace":4,"minecraft:sprint_one_cm":260643,"minecraft:damage_taken":1676,"minecraft:walk_one_cm":148479,"minecraft:mob_kills":9,"minecraft:drop":4,"minecraft:damage_dealt":915,"minecraft:swim_one_cm":23114,"minecraft:interact_with_crafting_table":12,"minecraft:fly_one_cm":128157,"minecraft:crouch_one_cm":9042,"minecraft:play_time":77636,"minecraft:deaths":5,"minecraft:sneak_time":2836,"minecraft:walk_under_water_one_cm":5350,"minecraft:jump":860,"minecraft:leave_game":2,"minecraft:time_since_death":1376,"minecraft:walk_on_water_one_cm":5970,"minecraft:sleep_in_bed":3,"minecraft:total_world_time":77636,"minecraft:fall_one_cm":17035},"minecraft:dropped":{"minecraft:wooden_axe":1,"gravestone:obituary":2,"minecraft:wooden_pickaxe":1}},"DataVersion":3465}