{"stats":{"minecraft:used":{"minecraft:cooked_mutton":3,"minecraft:wooden_axe":24,"minecraft:stone_pickaxe":14,"minecraft:wooden_pickaxe":37,"minecraft:stone_axe":6,"minecraft:white_wool":3,"minecraft:dirt":14,"minecraft:mutton":1,"minecraft:beef":1,"minecraft:crafting_table":4,"minecraft:furnace":1,"minecraft:white_bed":2,"alexsmobs:animal_dictionary":1},"minecraft:crafted":{"minecraft:crafting_table":4,"minecraft:spruce_planks":64,"minecraft:stick":8,"minecraft:wooden_pickaxe":1,"minecraft:stone_pickaxe":1,"minecraft:wooden_axe":1,"minecraft:furnace":1,"minecraft:white_bed":1,"minecraft:stone_axe":1,"minecraft:air":0,"minecraft:cooked_mutton":6},"minecraft:picked_up":{"minecraft:stick":2,"minecraft:crafting_table":1,"minecraft:brown_wool":1,"minecraft:leather":2,"minecraft:spruce_sapling":2,"minecraft:white_bed":2,"minecraft:diorite":1,"minecraft:spruce_log":17,"minecraft:dirt":16,"minecraft:arrow":1,"minecraft:wheat_seeds":1,"minecraft:spruce_planks":39,"minecraft:beef":2,"minecraft:granite":4,"minecraft:egg":1,"minecraft:coal":7,"minecraft:mutton":9,"minecraft:white_wool":8,"minecraft:cobblestone":28,"minecraft:furnace":1},"minecraft:killed":{"minecraft:sheep":7,"minecraft:cow":2},"minecraft:mined":{"minecraft:white_bed":2,"minecraft:furnace":1,"minecraft:spruce_log":16,"minecraft:crafting_table":1,"gravestone:gravestone":4,"minecraft:granite":4,"minecraft:grass":2,"minecraft:grass_block":8,"minecraft:coal_ore":7,"minecraft:dirt":9,"minecraft:spruce_leaves":19,"minecraft:stone":30,"minecraft:white_wool":1,"minecraft:diorite":1,"minecraft:fern":1},"minecraft:killed_by":{"alexsmobs:moose":1,"minecraft:creeper":1,"alexsmobs:grizzly_bear":1},"minecraft:custom":{"minecraft:time_since_rest":651,"minecraft:interact_with_furnace":4,"minecraft:sprint_one_cm":218875,"minecraft:damage_taken":1376,"minecraft:walk_one_cm":135895,"minecraft:mob_kills":9,"minecraft:drop":3,"minecraft:damage_dealt":915,"minecraft:swim_one_cm":11489,"minecraft:interact_with_crafting_table":9,"minecraft:fly_one_cm":110805,"minecraft:crouch_one_cm":2870,"minecraft:play_time":60343,"minecraft:deaths":4,"minecraft:sneak_time":1061,"minecraft:walk_under_water_one_cm":3414,"minecraft:jump":702,"minecraft:walk_on_water_one_cm":3637,"minecraft:time_since_death":15720,"minecraft:sleep_in_bed":2,"minecraft:total_world_time":60343,"minecraft:fall_one_cm":15740},"minecraft:dropped":{"minecraft:wooden_axe":1,"gravestone:obituary":1,"minecraft:wooden_pickaxe":1}},"DataVersion":3465}