{"stats":{"minecraft:used":{"alexsmobs:animal_dictionary":2},"minecraft:custom":{"minecraft:jump":29,"minecraft:time_since_rest":2591,"minecraft:leave_game":1,"minecraft:walk_on_water_one_cm":46,"minecraft:crouch_one_cm":261,"minecraft:damage_taken":40,"minecraft:sprint_one_cm":2124,"minecraft:play_time":2591,"minecraft:time_since_death":2591,"minecraft:walk_one_cm":7155,"minecraft:sneak_time":23,"minecraft:total_world_time":2591,"minecraft:fall_one_cm":1074,"minecraft:fly_one_cm":3804}},"DataVersion":3465}