{"stats":{"minecraft:used":{"minecraft:white_wool":1,"minecraft:wooden_axe":15,"minecraft:beef":1,"minecraft:crafting_table":1,"alexsmobs:animal_dictionary":1,"minecraft:wooden_pickaxe":10},"minecraft:crafted":{"minecraft:crafting_table":1,"minecraft:spruce_planks":20,"minecraft:stick":8,"minecraft:wooden_pickaxe":1,"minecraft:wooden_axe":1},"minecraft:picked_up":{"minecraft:stick":2,"minecraft:leather":2,"minecraft:beef":2,"minecraft:spruce_sapling":1,"minecraft:spruce_log":11,"minecraft:mutton":2,"minecraft:white_wool":1,"minecraft:cobblestone":10},"minecraft:killed":{"minecraft:sheep":1,"minecraft:cow":2},"minecraft:mined":{"gravestone:gravestone":2,"minecraft:stone":10,"minecraft:spruce_leaves":8,"minecraft:spruce_log":11},"minecraft:killed_by":{"alexsmobs:moose":1,"alexsmobs:grizzly_bear":1},"minecraft:custom":{"minecraft:time_since_rest":15731,"minecraft:crouch_one_cm":2610,"minecraft:play_time":24343,"minecraft:sprint_one_cm":76726,"minecraft:deaths":2,"minecraft:damage_taken":686,"minecraft:walk_one_cm":21708,"minecraft:sneak_time":1027,"minecraft:mob_kills":3,"minecraft:drop":1,"minecraft:jump":191,"minecraft:damage_dealt":420,"minecraft:time_since_death":15700,"minecraft:total_world_time":24343,"minecraft:interact_with_crafting_table":2,"minecraft:fall_one_cm":6208,"minecraft:fly_one_cm":31102},"minecraft:dropped":{"gravestone:obituary":1}},"DataVersion":3465}