{"stats":{"minecraft:used":{"minecraft:wooden_axe":24,"minecraft:wooden_pickaxe":36,"minecraft:white_wool":1,"minecraft:dirt":11,"minecraft:beef":1,"minecraft:crafting_table":1,"alexsmobs:animal_dictionary":1},"minecraft:crafted":{"minecraft:crafting_table":1,"minecraft:spruce_planks":20,"minecraft:stick":8,"minecraft:wooden_pickaxe":1,"minecraft:wooden_axe":1},"minecraft:picked_up":{"minecraft:stick":2,"minecraft:leather":2,"minecraft:spruce_sapling":2,"minecraft:diorite":1,"minecraft:spruce_log":17,"minecraft:dirt":13,"minecraft:wheat_seeds":1,"minecraft:beef":2,"minecraft:granite":4,"minecraft:mutton":3,"minecraft:white_wool":3,"minecraft:cobblestone":24},"minecraft:killed":{"minecraft:sheep":2,"minecraft:cow":2},"minecraft:mined":{"minecraft:spruce_log":16,"gravestone:gravestone":2,"minecraft:granite":4,"minecraft:grass":2,"minecraft:grass_block":8,"minecraft:dirt":6,"minecraft:spruce_leaves":19,"minecraft:stone":24,"minecraft:white_wool":1,"minecraft:diorite":1},"minecraft:killed_by":{"alexsmobs:moose":1,"alexsmobs:grizzly_bear":1},"minecraft:custom":{"minecraft:time_since_rest":3367,"minecraft:sprint_one_cm":138875,"minecraft:damage_taken":906,"minecraft:walk_one_cm":78555,"minecraft:mob_kills":4,"minecraft:drop":1,"minecraft:damage_dealt":515,"minecraft:swim_one_cm":2852,"minecraft:interact_with_crafting_table":2,"minecraft:fly_one_cm":56917,"minecraft:crouch_one_cm":2870,"minecraft:play_time":36343,"minecraft:deaths":3,"minecraft:sneak_time":1061,"minecraft:walk_under_water_one_cm":1046,"minecraft:jump":355,"minecraft:walk_on_water_one_cm":913,"minecraft:time_since_death":3332,"minecraft:total_world_time":36343,"minecraft:fall_one_cm":7672},"minecraft:dropped":{"gravestone:obituary":1}},"DataVersion":3465}