{"stats":{"minecraft:used":{"minecraft:cooked_mutton":4,"minecraft:stone_sword":6,"minecraft:stone_shovel":56,"minecraft:stone_pickaxe":235,"minecraft:wooden_pickaxe":40,"minecraft:iron_chestplate":1,"minecraft:white_wool":3,"minecraft:torch":6,"minecraft:dirt":73,"minecraft:mutton":1,"minecraft:crafting_table":11,"minecraft:white_bed":3,"minecraft:spruce_boat":2,"minecraft:wooden_axe":24,"minecraft:iron_boots":1,"minecraft:stone_axe":44,"minecraft:cobblestone":8,"minecraft:beef":1,"minecraft:purple_bed":1,"minecraft:sweet_berries":43,"minecraft:furnace":2,"minecraft:andesite":5,"alexsmobs:animal_dictionary":1,"minecraft:iron_leggings":1},"minecraft:crafted":{"minecraft:stone_shovel":1,"minecraft:crafting_table":5,"minecraft:spruce_planks":84,"minecraft:wooden_pickaxe":2,"minecraft:iron_sword":1,"minecraft:furnace":2,"minecraft:stone_axe":2,"minecraft:cooked_mutton":6,"minecraft:air":0,"minecraft:iron_boots":1,"minecraft:iron_chestplate":1,"minecraft:stick":24,"minecraft:iron_ingot":29,"minecraft:iron_pickaxe":2,"minecraft:stone_pickaxe":3,"minecraft:wooden_axe":1,"minecraft:stone_sword":1,"minecraft:iron_leggings":1,"minecraft:white_bed":1,"minecraft:spruce_boat":2,"minecraft:torch":8},"minecraft:killed":{"minecraft:sheep":7,"minecraft:zombie":1,"minecraft:cow":2},"minecraft:picked_up":{"minecraft:crafting_table":7,"minecraft:clay_ball":20,"minecraft:andesite":5,"minecraft:leather":2,"minecraft:brown_wool":1,"minecraft:wooden_pickaxe":1,"minecraft:dirt":75,"minecraft:moss_carpet":1,"minecraft:kelp":14,"minecraft:wheat_seeds":2,"minecraft:cobbled_deepslate":1,"minecraft:spruce_planks":73,"minecraft:beef":2,"minecraft:moss_block":7,"minecraft:flowering_azalea":1,"minecraft:egg":1,"minecraft:furnace":2,"minecraft:stick":6,"minecraft:raw_iron":39,"minecraft:pumpkin":3,"minecraft:sweet_berries":48,"minecraft:torch":3,"minecraft:carrot":1,"minecraft:spruce_sapling":4,"minecraft:diorite":1,"minecraft:white_bed":3,"minecraft:spruce_log":55,"minecraft:purple_bed":1,"minecraft:arrow":1,"minecraft:granite":9,"minecraft:jack_o_lantern":1,"minecraft:glow_berries":1,"iceandfire:raw_silver":5,"minecraft:mutton":9,"minecraft:coal":23,"minecraft:white_wool":8,"minecraft:cobblestone":201},"minecraft:mined":{"minecraft:white_bed":3,"iceandfire:silver_ore":5,"minecraft:jack_o_lantern":1,"minecraft:glow_lichen":1,"minecraft:clay":5,"minecraft:crafting_table":7,"minecraft:cave_vines_plant":1,"minecraft:torch":2,"gravestone:gravestone":7,"minecraft:granite":9,"minecraft:grass_block":55,"minecraft:tall_grass":2,"minecraft:cobblestone":14,"minecraft:spruce_leaves":35,"minecraft:moss_block":7,"minecraft:diorite":1,"minecraft:large_fern":6,"minecraft:purple_bed":1,"minecraft:furnace":2,"minecraft:iron_ore":25,"minecraft:sweet_berry_bush":9,"minecraft:andesite":5,"minecraft:spruce_log":54,"minecraft:pumpkin":3,"minecraft:grass":2,"minecraft:deepslate_iron_ore":14,"minecraft:coal_ore":23,"minecraft:dirt":21,"minecraft:stone":129,"minecraft:deepslate":1,"minecraft:white_wool":1,"minecraft:fern":1},"minecraft:killed_by":{"minecraft:skeleton":1,"minecraft:creeper":2,"minecraft:zombie":1,"alexsmobs:grizzly_bear":1,"alexsmobs:moose":1,"iceandfire:fire_dragon":1},"minecraft:custom":{"minecraft:interact_with_furnace":17,"minecraft:mob_kills":10,"minecraft:interact_with_crafting_table":30,"minecraft:leave_game":5,"minecraft:time_since_death":835,"minecraft:sleep_in_bed":8,"minecraft:climb_one_cm":16,"minecraft:time_since_rest":866,"minecraft:sprint_one_cm":375735,"minecraft:damage_taken":2876,"minecraft:walk_one_cm":234998,"minecraft:drop":11,"minecraft:damage_dealt":1309,"minecraft:swim_one_cm":23114,"minecraft:talked_to_villager":2,"minecraft:fly_one_cm":161425,"minecraft:open_chest":3,"minecraft:crouch_one_cm":19179,"minecraft:play_time":115023,"minecraft:deaths":8,"minecraft:sneak_time":6800,"minecraft:walk_under_water_one_cm":5350,"minecraft:jump":1139,"minecraft:interact_with_blast_furnace":1,"minecraft:walk_on_water_one_cm":6898,"minecraft:total_world_time":115023,"minecraft:fall_one_cm":22094},"minecraft:dropped":{"minecraft:moss_carpet":1,"minecraft:wheat_seeds":1,"minecraft:wooden_axe":1,"gravestone:obituary":5,"minecraft:wooden_pickaxe":3},"minecraft:broken":{"minecraft:stone_pickaxe":1}},"DataVersion":3465}