{"stats":{"minecraft:used":{"minecraft:wooden_axe":37,"minecraft:stone_pickaxe":57,"minecraft:wooden_pickaxe":24,"minecraft:stone_axe":14,"minecraft:crafting_table":3,"minecraft:furnace":1,"minecraft:cooked_porkchop":2,"alexsmobs:animal_dictionary":1},"minecraft:crafted":{"minecraft:cooked_porkchop":9,"minecraft:crafting_table":3,"minecraft:stick":16,"minecraft:spruce_planks":60,"minecraft:wooden_pickaxe":1,"minecraft:stone_pickaxe":1,"minecraft:wooden_axe":1,"minecraft:furnace":1,"minecraft:stone_axe":1,"minecraft:air":0},"minecraft:picked_up":{"minecraft:feather":6,"minecraft:chicken":11,"minecraft:andesite":11,"minecraft:porkchop":13,"minecraft:oak_log":4,"minecraft:spruce_sapling":1,"minecraft:spruce_log":20,"minecraft:dirt":9,"minecraft:mutton":11,"iceandfire:raw_silver":2,"minecraft:white_wool":7,"minecraft:cobblestone":57},"minecraft:killed":{"minecraft:sheep":5,"minecraft:pig":7,"minecraft:chicken":1},"minecraft:mined":{"iceandfire:silver_ore":2,"minecraft:spruce_log":21,"minecraft:andesite":11,"minecraft:grass":2,"minecraft:oak_log":4,"minecraft:dirt":9,"minecraft:spruce_leaves":14,"minecraft:stone":57,"minecraft:oak_leaves":2},"minecraft:custom":{"minecraft:time_since_rest":11508,"minecraft:interact_with_furnace":6,"minecraft:sprint_one_cm":30089,"minecraft:damage_taken":20,"minecraft:walk_one_cm":24933,"minecraft:mob_kills":13,"minecraft:drop":2,"minecraft:damage_dealt":1080,"minecraft:swim_one_cm":783,"minecraft:interact_with_crafting_table":6,"minecraft:fly_one_cm":43735,"minecraft:crouch_one_cm":6660,"minecraft:play_time":11508,"minecraft:sneak_time":2487,"minecraft:walk_under_water_one_cm":41,"minecraft:jump":220,"minecraft:walk_on_water_one_cm":473,"minecraft:time_since_death":11508,"minecraft:total_world_time":11508,"minecraft:fall_one_cm":4911},"minecraft:dropped":{"alexsmobs:animal_dictionary":1,"minecraft:spruce_sapling":1},"minecraft:broken":{"minecraft:wooden_axe":1}},"DataVersion":3465}