{"stats":{"minecraft:used":{"minecraft:wooden_axe":37,"minecraft:stone_pickaxe":160,"minecraft:wooden_pickaxe":24,"minecraft:stone_axe":46,"minecraft:dirt":8,"minecraft:crafting_table":3,"minecraft:furnace":1,"minecraft:cooked_porkchop":4,"alexsmobs:animal_dictionary":1},"minecraft:crafted":{"minecraft:cooked_porkchop":13,"minecraft:crafting_table":3,"minecraft:stick":16,"minecraft:spruce_planks":60,"minecraft:wooden_pickaxe":1,"minecraft:cooked_chicken":11,"minecraft:stone_pickaxe":2,"minecraft:wooden_axe":1,"minecraft:furnace":1,"minecraft:stone_axe":1,"minecraft:cooked_mutton":11,"minecraft:air":0},"minecraft:picked_up":{"minecraft:crafting_table":1,"minecraft:feather":6,"minecraft:chicken":11,"minecraft:andesite":27,"minecraft:porkchop":13,"minecraft:oak_log":4,"minecraft:spruce_sapling":2,"minecraft:spruce_log":40,"minecraft:dirt":13,"minecraft:rotten_flesh":3,"minecraft:spruce_planks":23,"minecraft:mutton":11,"iceandfire:raw_silver":8,"minecraft:white_wool":7,"minecraft:cobblestone":140,"minecraft:furnace":1},"minecraft:killed":{"minecraft:sheep":5,"minecraft:zombie":3,"minecraft:pig":7,"minecraft:chicken":1},"minecraft:mined":{"minecraft:furnace":1,"iceandfire:silver_ore":4,"minecraft:spruce_log":41,"minecraft:andesite":27,"minecraft:crafting_table":1,"minecraft:grass":3,"minecraft:oak_log":4,"minecraft:dirt":13,"minecraft:spruce_leaves":23,"minecraft:stone":141,"minecraft:oak_leaves":2},"minecraft:custom":{"minecraft:time_since_rest":23508,"minecraft:interact_with_furnace":16,"minecraft:sprint_one_cm":43099,"minecraft:damage_taken":315,"minecraft:walk_one_cm":41085,"minecraft:mob_kills":16,"minecraft:drop":4,"minecraft:damage_dealt":1769,"minecraft:swim_one_cm":783,"minecraft:interact_with_crafting_table":10,"minecraft:fly_one_cm":59150,"minecraft:crouch_one_cm":11343,"minecraft:play_time":23508,"minecraft:sneak_time":4747,"minecraft:walk_under_water_one_cm":41,"minecraft:jump":388,"minecraft:walk_on_water_one_cm":473,"minecraft:time_since_death":23508,"minecraft:total_world_time":23508,"minecraft:fall_one_cm":6650},"minecraft:dropped":{"minecraft:dirt":5,"iceandfire:raw_silver":4,"alexsmobs:animal_dictionary":1,"minecraft:spruce_sapling":1},"minecraft:broken":{"minecraft:stone_pickaxe":1,"minecraft:wooden_axe":1}},"DataVersion":3465}