{"stats":{"minecraft:crafted":{"minecraft:wooden_sword":1,"iceandfire:silver_ingot":8,"minecraft:cooked_porkchop":13,"minecraft:crafting_table":5,"minecraft:spruce_planks":100,"minecraft:iron_helmet":1,"minecraft:wooden_pickaxe":3,"minecraft:cooked_chicken":11,"minecraft:furnace":3,"minecraft:stone_axe":1,"minecraft:cooked_mutton":11,"minecraft:air":0,"minecraft:iron_chestplate":1,"minecraft:iron_boots":1,"minecraft:charcoal":9,"minecraft:stick":24,"minecraft:iron_ingot":26,"minecraft:iron_pickaxe":1,"minecraft:stone_pickaxe":4,"minecraft:wooden_axe":1,"minecraft:torch":4},"minecraft:used":{"minecraft:cooked_mutton":4,"minecraft:stone_pickaxe":349,"minecraft:wooden_pickaxe":44,"minecraft:torch":4,"minecraft:dirt":11,"minecraft:crafting_table":8,"minecraft:wooden_axe":37,"minecraft:stone_axe":48,"minecraft:golden_sword":15,"minecraft:cobblestone":48,"minecraft:furnace":5,"minecraft:cooked_porkchop":10,"minecraft:andesite":27,"alexsmobs:animal_dictionary":1,"minecraft:cobbled_deepslate":5},"minecraft:broken":{"minecraft:stone_pickaxe":1,"minecraft:wooden_axe":1},"minecraft:killed_by":{"minecraft:skeleton":2},"minecraft:dropped":{"iceandfire:raw_silver":4,"minecraft:stone_axe":1,"alexsmobs:animal_dictionary":1,"minecraft:rotten_flesh":7,"minecraft:granite":2,"minecraft:dirt":10,"minecraft:diorite":2,"minecraft:andesite":8,"gravestone:obituary":4,"minecraft:spruce_sapling":1},"minecraft:killed":{"minecraft:pig":7,"minecraft:sheep":5,"minecraft:zombie":6,"minecraft:chicken":1},"minecraft:custom":{"minecraft:interact_with_furnace":54,"minecraft:mob_kills":19,"minecraft:interact_with_crafting_table":19,"minecraft:open_barrel":1,"minecraft:interact_with_loom":1,"minecraft:leave_game":7,"minecraft:time_since_death":23792,"minecraft:time_since_rest":23867,"minecraft:sprint_one_cm":116176,"minecraft:damage_taken":1729,"minecraft:walk_one_cm":102734,"minecraft:drop":14,"minecraft:damage_dealt":2526,"minecraft:swim_one_cm":3932,"minecraft:fly_one_cm":168105,"minecraft:open_chest":1,"minecraft:crouch_one_cm":28090,"minecraft:play_time":63282,"minecraft:deaths":2,"minecraft:sneak_time":13233,"minecraft:walk_under_water_one_cm":613,"minecraft:jump":1050,"minecraft:walk_on_water_one_cm":3609,"minecraft:total_world_time":63282,"minecraft:fall_one_cm":31656},"minecraft:picked_up":{"minecraft:charcoal":1,"minecraft:crafting_table":3,"minecraft:feather":6,"minecraft:chicken":11,"minecraft:glow_ink_sac":3,"minecraft:andesite":35,"minecraft:flint":1,"minecraft:oak_log":4,"gravestone:obituary":2,"minecraft:lapis_lazuli":6,"minecraft:dirt":21,"minecraft:cobbled_deepslate":68,"minecraft:spruce_planks":23,"minecraft:furnace":5,"minecraft:oak_slab":2,"minecraft:smooth_basalt":1,"minecraft:stick":2,"minecraft:raw_iron":31,"minecraft:gravel":12,"minecraft:porkchop":13,"minecraft:spruce_sapling":4,"minecraft:diorite":2,"minecraft:spruce_log":66,"minecraft:rotten_flesh":9,"minecraft:granite":2,"minecraft:mutton":11,"iceandfire:raw_silver":12,"minecraft:white_wool":7,"minecraft:cobblestone":213},"minecraft:mined":{"minecraft:oak_slab":2,"iceandfire:silver_ore":8,"minecraft:crafting_table":3,"minecraft:glow_lichen":1,"gravestone:gravestone":2,"minecraft:granite":2,"minecraft:grass_block":1,"minecraft:cobblestone":11,"minecraft:spruce_leaves":31,"minecraft:diorite":2,"minecraft:furnace":5,"minecraft:iron_ore":25,"minecraft:spruce_log":67,"minecraft:andesite":35,"minecraft:deepslate_lapis_ore":1,"minecraft:grass":3,"minecraft:oak_log":4,"minecraft:deepslate_iron_ore":6,"minecraft:gravel":13,"minecraft:dirt":15,"minecraft:smooth_basalt":1,"minecraft:stone":204,"minecraft:oak_leaves":2,"minecraft:deepslate":70}},"DataVersion":3465}