{"stats":{"minecraft:used":{"minecraft:wooden_axe":37,"minecraft:stone_pickaxe":209,"minecraft:wooden_pickaxe":35,"minecraft:stone_axe":48,"minecraft:dirt":11,"minecraft:cobblestone":5,"minecraft:crafting_table":4,"minecraft:furnace":1,"minecraft:cooked_porkchop":5,"minecraft:andesite":15,"alexsmobs:animal_dictionary":1,"minecraft:cooked_mutton":1},"minecraft:crafted":{"minecraft:cooked_porkchop":13,"minecraft:crafting_table":4,"minecraft:stick":16,"minecraft:spruce_planks":84,"minecraft:wooden_pickaxe":2,"minecraft:cooked_chicken":11,"minecraft:stone_pickaxe":2,"minecraft:wooden_axe":1,"minecraft:furnace":1,"minecraft:stone_axe":1,"minecraft:cooked_mutton":11,"minecraft:air":0},"minecraft:killed":{"minecraft:sheep":5,"minecraft:zombie":4,"minecraft:pig":7,"minecraft:chicken":1},"minecraft:picked_up":{"minecraft:stick":2,"minecraft:raw_iron":16,"minecraft:crafting_table":1,"minecraft:feather":6,"minecraft:chicken":11,"minecraft:andesite":27,"minecraft:porkchop":13,"minecraft:diorite":1,"minecraft:oak_log":4,"minecraft:spruce_sapling":2,"minecraft:spruce_log":46,"minecraft:dirt":21,"minecraft:rotten_flesh":5,"minecraft:spruce_planks":23,"minecraft:mutton":11,"iceandfire:raw_silver":12,"minecraft:white_wool":7,"minecraft:cobblestone":177,"minecraft:furnace":1},"minecraft:mined":{"minecraft:furnace":1,"iceandfire:silver_ore":8,"minecraft:iron_ore":16,"minecraft:spruce_log":47,"minecraft:andesite":27,"minecraft:glow_lichen":1,"minecraft:crafting_table":1,"gravestone:gravestone":1,"minecraft:grass":3,"minecraft:grass_block":1,"minecraft:oak_log":4,"minecraft:dirt":15,"minecraft:cobblestone":1,"minecraft:spruce_leaves":28,"minecraft:stone":177,"minecraft:diorite":1,"minecraft:oak_leaves":2},"minecraft:killed_by":{"minecraft:skeleton":1},"minecraft:custom":{"minecraft:time_since_rest":7115,"minecraft:interact_with_furnace":16,"minecraft:sprint_one_cm":71705,"minecraft:damage_taken":820,"minecraft:walk_one_cm":57699,"minecraft:mob_kills":17,"minecraft:drop":4,"minecraft:damage_dealt":1969,"minecraft:swim_one_cm":783,"minecraft:interact_with_crafting_table":11,"minecraft:fly_one_cm":94377,"minecraft:crouch_one_cm":15072,"minecraft:play_time":34109,"minecraft:deaths":1,"minecraft:sneak_time":6396,"minecraft:walk_under_water_one_cm":41,"minecraft:jump":604,"minecraft:leave_game":1,"minecraft:walk_on_water_one_cm":473,"minecraft:time_since_death":7064,"minecraft:total_world_time":34109,"minecraft:fall_one_cm":14222},"minecraft:dropped":{"minecraft:dirt":5,"iceandfire:raw_silver":4,"alexsmobs:animal_dictionary":1,"minecraft:spruce_sapling":1},"minecraft:broken":{"minecraft:stone_pickaxe":1,"minecraft:wooden_axe":1}},"DataVersion":3465}