{"stats":{"minecraft:used":{"waystones:waystone":1,"minecraft:iron_chestplate":1,"minecraft:dirt":4,"minecraft:sweet_berries":14,"minecraft:bread":12,"minecraft:potato":1,"minecraft:chest":1,"minecraft:iron_helmet":1,"minecraft:golden_axe":14},"minecraft:crafted":{"minecraft:chest":1,"minecraft:spruce_planks":56},"minecraft:picked_up":{"minecraft:feather":5,"minecraft:sweet_berries":23,"minecraft:wheat_seeds":1,"waystones:waystone":1,"iceandfire:frost_lily":2,"minecraft:spruce_log":16,"minecraft:dirt":22},"minecraft:mined":{"minecraft:grass_block":3,"minecraft:dirt_path":1,"minecraft:sweet_berry_bush":15,"iceandfire:frost_lily":2,"minecraft:spruce_leaves":14,"minecraft:spruce_log":14,"minecraft:birch_leaves":3,"minecraft:oak_leaves":4},"minecraft:custom":{"minecraft:time_since_rest":21284,"minecraft:open_chest":14,"minecraft:waystone_activated":3,"minecraft:crouch_one_cm":41010,"minecraft:play_time":40961,"minecraft:sprint_one_cm":165226,"minecraft:damage_taken":503,"minecraft:walk_one_cm":94837,"minecraft:sneak_time":13520,"minecraft:walk_under_water_one_cm":6681,"minecraft:jump":653,"minecraft:climb_one_cm":584,"minecraft:leave_game":2,"minecraft:time_since_death":40961,"minecraft:walk_on_water_one_cm":4989,"minecraft:sleep_in_bed":2,"minecraft:total_world_time":40961,"minecraft:swim_one_cm":37130,"minecraft:interact_with_crafting_table":1,"minecraft:talked_to_villager":5,"minecraft:fall_one_cm":10823,"minecraft:fly_one_cm":66530}},"DataVersion":3465}