{"stats":{"minecraft:dropped":{"minecraft:iron_sword":1,"minecraft:wheat_seeds":2,"minecraft:oak_fence":1,"minecraft:cobblestone":194,"artifacts:flippers":2,"artifacts:anglers_hat":1,"minecraft:rail":1,"minecraft:dirt":11,"minecraft:diorite":29,"minecraft:torch":24,"gravestone:obituary":3,"minecraft:wither_rose":2,"minecraft:iron_pickaxe":1,"iceandfire:dragonsteel_fire_sword":1,"artifacts:digging_claws":1,"minecraft:bone":4,"minecraft:cobbled_deepslate":50,"minecraft:raw_copper":4,"minecraft:rotten_flesh":4,"minecraft:oak_sapling":1,"minecraft:stone_brick_stairs":1},"minecraft:killed":{"minecraft:cave_spider":3,"minecraft:spider":8,"minecraft:skeleton":18,"iceandfire:fire_dragon":1,"minecraft:chicken":1,"artifacts:mimic":1,"minecraft:pig":1,"man:managgresive":1,"mutantmonsters:mutant_skeleton":1,"minecraft:creeper":8,"minecraft:sheep":1,"minecraft:zombie":19,"iceandfire:ghost":12,"iceandfire:ice_dragon":1,"alexsmobs:crow":1,"cave_dweller:cave_dweller":1,"minecraft:player":1,"apollyon:the_damned":4,"minecraft:cow":3},"minecraft:killed_by":{"mowziesmobs:naga":1,"minecraft:creeper":1,"minecraft:enderman":1,"mowziesmobs:ferrous_wroughtnaut":1,"apollyon:the_damned":1,"minecraft:skeleton":5,"artifacts:mimic":2,"minecraft:zombie":1,"alexsmobs:grizzly_bear":1,"iceandfire:ghost":2},"minecraft:broken":{"minecraft:stone_pickaxe":4,"minecraft:shield":1},"minecraft:crafted":{"minecraft:oak_planks":80,"minecraft:cooked_chicken":1,"minecraft:furnace":2,"minecraft:cooked_mutton":1,"minecraft:iron_boots":1,"minecraft:stone_pickaxe":5,"minecraft:chest":4,"minecraft:cooked_beef":6,"minecraft:cooked_porkchop":2,"minecraft:crafting_table":2,"minecraft:spruce_planks":112,"minecraft:wooden_pickaxe":1,"minecraft:baked_potato":1,"minecraft:iron_sword":1,"minecraft:stone_axe":1,"minecraft:air":0,"minecraft:shield":1,"minecraft:stick":52,"minecraft:iron_ingot":20,"minecraft:iron_pickaxe":1,"minecraft:stone_sword":2,"minecraft:iron_leggings":1,"minecraft:torch":112},"minecraft:picked_up":{"minecraft:iron_chestplate":2,"minecraft:chicken":1,"minecraft:brown_mushroom":1,"iceandfire:dragonegg_white":2,"minecraft:wither_rose":6,"minecraft:stone_brick_stairs":2,"gravestone:obituary":9,"minecraft:shield":1,"minecraft:raw_copper":8,"minecraft:string":34,"minecraft:iron_leggings":2,"minecraft:cobbled_deepslate":306,"minecraft:candle":4,"minecraft:smooth_stone":1,"iceandfire:frost_lily":2,"minecraft:beef":6,"minecraft:iron_pickaxe":1,"minecraft:furnace":1,"minecraft:iron_boots":2,"minecraft:raw_iron":23,"minecraft:oak_fence":2,"minecraft:torch":25,"minecraft:porkchop":2,"minecraft:stone_button":1,"minecraft:diorite":119,"minecraft:carrot":62,"minecraft:rotten_flesh":18,"minecraft:arrow":17,"minecraft:netherite_chestplate":1,"minecraft:mutton":1,"minecraft:rail":1,"minecraft:white_wool":1,"minecraft:cobblestone":822,"minecraft:feather":6,"minecraft:andesite":59,"minecraft:leather":3,"minecraft:golden_leggings":1,"artifacts:anglers_hat":2,"minecraft:flint":1,"minecraft:tuff":16,"minecraft:oak_log":21,"iceandfire:ectoplasm":6,"minecraft:gunpowder":6,"minecraft:cobblestone_stairs":4,"minecraft:lapis_lazuli":12,"minecraft:dirt":84,"artifacts:flippers":3,"minecraft:bone":25,"minecraft:wheat_seeds":6,"minecraft:iron_sword":1,"iceandfire:dragonegg_black":1,"minecraft:sweet_berries":44,"iceandfire:dragonsteel_fire_sword":1,"minecraft:dandelion":1,"minecraft:gravel":17,"minecraft:spruce_log":16,"travelersbackpack:standard":1,"minecraft:diamond":4,"waystones:waystone":1,"minecraft:iron_helmet":1,"minecraft:granite":117,"minecraft:bread":46,"minecraft:oak_sapling":1,"minecraft:coal":47,"iceandfire:raw_silver":1},"minecraft:custom":{"minecraft:interact_with_smithing_table":1,"minecraft:mob_kills":91,"minecraft:interact_with_crafting_table":29,"minecraft:open_barrel":11,"minecraft:bell_ring":15,"minecraft:leave_game":14,"minecraft:time_since_death":193,"minecraft:climb_one_cm":584,"minecraft:damage_resisted":100,"minecraft:sprint_one_cm":942149,"minecraft:walk_one_cm":1170119,"minecraft:damage_blocked_by_shield":1116,"minecraft:drop":49,"minecraft:talked_to_villager":8,"minecraft:play_time":413170,"minecraft:deaths":17,"minecraft:sneak_time":48749,"minecraft:walk_under_water_one_cm":21057,"minecraft:jump":5183,"minecraft:interact_with_blast_furnace":7,"minecraft:walk_on_water_one_cm":26174,"minecraft:total_world_time":413170,"minecraft:interact_with_furnace":29,"minecraft:interact_with_loom":2,"minecraft:sleep_in_bed":8,"minecraft:time_since_rest":353,"minecraft:waystone_activated":4,"minecraft:damage_taken":10565,"minecraft:damage_absorbed":177,"minecraft:trigger_trapped_chest":4,"minecraft:damage_dealt":27536,"minecraft:player_kills":1,"minecraft:swim_one_cm":68359,"minecraft:fly_one_cm":651544,"minecraft:open_chest":47,"minecraft:crouch_one_cm":122269,"minecraft:fall_one_cm":91853},"minecraft:used":{"iceandfire:dragonsteel_lightning_chestplate":1,"minecraft:stone_sword":15,"iceandfire:silver_sword":28,"minecraft:chest":4,"minecraft:shield":33,"minecraft:iron_sword":36,"iceandfire:dragonsteel_lightning_helmet":1,"minecraft:cooked_chicken":1,"minecraft:rotten_flesh":7,"minecraft:iron_chestplate":1,"minecraft:torch":72,"minecraft:dirt":57,"minecraft:carrot":100,"iceandfire:spawn_egg_fire_dragon":1,"minecraft:tuff":7,"minecraft:granite":7,"minecraft:iron_helmet":1,"iceandfire:dragonsteel_fire_sword":149,"minecraft:sweet_berries":65,"minecraft:furnace":3,"minecraft:cooked_beef":6,"minecraft:potato":45,"iceandfire:dragonsteel_fire_pickaxe":443,"minecraft:cobbled_deepslate":107,"minecraft:enchanted_golden_apple":2,"minecraft:golden_axe":14,"minecraft:cooked_mutton":1,"minecraft:diorite":9,"minecraft:stone_pickaxe":585,"minecraft:baked_potato":1,"minecraft:wooden_pickaxe":8,"minecraft:brown_mushroom":1,"minecraft:crafting_table":2,"minecraft:magenta_bed":1,"iceandfire:dragonegg_white":10,"minecraft:spruce_log":7,"minecraft:oak_log":1,"iceandfire:silver_pickaxe":374,"waystones:waystone":1,"iceandfire:dragonegg_black":2,"minecraft:apple":4,"minecraft:iron_pickaxe":39,"travelersbackpack:netherite":1,"minecraft:bread":55,"iceandfire:dragon_horn":19,"minecraft:gravel":3,"minecraft:stone_axe":15,"minecraft:cobblestone":119,"travelersbackpack:standard":3,"minecraft:cooked_porkchop":2,"minecraft:andesite":11,"minecraft:candle":4},"minecraft:mined":{"minecraft:tuff":16,"iceandfire:silver_ore":1,"minecraft:deepslate_diamond_ore":4,"minecraft:candle":1,"gravestone:gravestone":8,"minecraft:granite":118,"minecraft:grass_block":20,"minecraft:spruce_leaves":27,"minecraft:spawner":2,"minecraft:smooth_stone":3,"minecraft:carrots":15,"minecraft:iron_ore":2,"minecraft:cobbled_deepslate":16,"minecraft:andesite":52,"minecraft:deepslate_iron_ore":21,"minecraft:dirt_path":1,"minecraft:rail":1,"iceandfire:frost_lily":2,"minecraft:stone":739,"minecraft:brown_mushroom":1,"minecraft:torch":7,"iceandfire:ghost_chest":1,"minecraft:tall_grass":4,"minecraft:cobblestone":11,"minecraft:lapis_ore":2,"minecraft:diorite":90,"minecraft:wall_torch":8,"minecraft:wheat":1,"minecraft:sweet_berry_bush":30,"minecraft:spruce_log":14,"minecraft:birch_leaves":3,"minecraft:grass":3,"minecraft:oak_log":18,"minecraft:coal_ore":44,"minecraft:gravel":15,"minecraft:dirt":30,"minecraft:cobweb":29,"minecraft:oak_leaves":7,"minecraft:deepslate":259}},"DataVersion":3465}