{"stats":{"minecraft:used":{"minecraft:iron_chestplate":1,"minecraft:sweet_berries":14,"minecraft:bread":9,"minecraft:chest":1,"minecraft:iron_helmet":1,"minecraft:golden_axe":14},"minecraft:crafted":{"minecraft:chest":1,"minecraft:spruce_planks":56},"minecraft:custom":{"minecraft:time_since_rest":3886,"minecraft:open_chest":12,"minecraft:waystone_activated":2,"minecraft:crouch_one_cm":12087,"minecraft:play_time":23563,"minecraft:sprint_one_cm":118639,"minecraft:damage_taken":473,"minecraft:walk_one_cm":81396,"minecraft:sneak_time":4656,"minecraft:walk_under_water_one_cm":3890,"minecraft:jump":426,"minecraft:walk_on_water_one_cm":3151,"minecraft:leave_game":2,"minecraft:time_since_death":23563,"minecraft:sleep_in_bed":2,"minecraft:total_world_time":23563,"minecraft:swim_one_cm":20826,"minecraft:interact_with_crafting_table":1,"minecraft:fall_one_cm":7068,"minecraft:talked_to_villager":3,"minecraft:fly_one_cm":39774},"minecraft:mined":{"minecraft:sweet_berry_bush":15,"iceandfire:frost_lily":2,"minecraft:spruce_leaves":14,"minecraft:spruce_log":14,"minecraft:oak_leaves":1},"minecraft:picked_up":{"minecraft:feather":5,"minecraft:sweet_berries":23,"minecraft:wheat_seeds":1,"iceandfire:frost_lily":2,"minecraft:spruce_log":16,"minecraft:dirt":18}},"DataVersion":3465}