{"stats":{"minecraft:used":{"minecraft:iron_chestplate":1,"minecraft:dirt":3,"minecraft:sweet_berries":14,"minecraft:bread":11,"minecraft:chest":1,"minecraft:iron_helmet":1,"minecraft:golden_axe":14},"minecraft:crafted":{"minecraft:chest":1,"minecraft:spruce_planks":56},"minecraft:picked_up":{"minecraft:feather":5,"minecraft:sweet_berries":23,"minecraft:wheat_seeds":1,"iceandfire:frost_lily":2,"minecraft:spruce_log":16,"minecraft:dirt":20},"minecraft:mined":{"minecraft:grass_block":2,"minecraft:sweet_berry_bush":15,"iceandfire:frost_lily":2,"minecraft:spruce_leaves":14,"minecraft:spruce_log":14,"minecraft:birch_leaves":3,"minecraft:oak_leaves":4},"minecraft:custom":{"minecraft:time_since_rest":9284,"minecraft:open_chest":12,"minecraft:waystone_activated":2,"minecraft:crouch_one_cm":27821,"minecraft:play_time":28961,"minecraft:sprint_one_cm":146261,"minecraft:damage_taken":473,"minecraft:walk_one_cm":81396,"minecraft:sneak_time":10054,"minecraft:walk_under_water_one_cm":6681,"minecraft:jump":529,"minecraft:leave_game":2,"minecraft:time_since_death":28961,"minecraft:walk_on_water_one_cm":4989,"minecraft:sleep_in_bed":2,"minecraft:total_world_time":28961,"minecraft:swim_one_cm":37130,"minecraft:interact_with_crafting_table":1,"minecraft:talked_to_villager":3,"minecraft:fall_one_cm":8713,"minecraft:fly_one_cm":52021}},"DataVersion":3465}