{"stats":{"minecraft:used":{"minecraft:stone_sword":7,"minecraft:stone_pickaxe":525,"minecraft:chest":3,"minecraft:wooden_pickaxe":8,"minecraft:iron_chestplate":1,"minecraft:torch":38,"minecraft:dirt":15,"minecraft:crafting_table":2,"waystones:waystone":1,"minecraft:bread":19,"minecraft:iron_pickaxe":1,"minecraft:iron_helmet":1,"minecraft:cobblestone":23,"minecraft:sweet_berries":20,"minecraft:furnace":2,"minecraft:potato":1,"minecraft:golden_axe":14},"minecraft:crafted":{"minecraft:crafting_table":2,"minecraft:spruce_planks":112,"minecraft:wooden_pickaxe":1,"minecraft:iron_sword":1,"minecraft:furnace":2,"minecraft:stone_axe":1,"minecraft:air":0,"minecraft:stick":36,"minecraft:iron_ingot":7,"minecraft:iron_pickaxe":1,"minecraft:stone_pickaxe":4,"minecraft:stone_sword":1,"minecraft:chest":3,"minecraft:torch":80},"minecraft:killed":{"minecraft:spider":1,"minecraft:zombie":1},"minecraft:picked_up":{"minecraft:feather":5,"minecraft:andesite":4,"minecraft:flint":1,"minecraft:dirt":42,"minecraft:wheat_seeds":1,"minecraft:cobbled_deepslate":4,"iceandfire:frost_lily":2,"minecraft:raw_iron":10,"minecraft:sweet_berries":23,"minecraft:torch":5,"minecraft:gravel":12,"minecraft:diorite":29,"minecraft:spruce_log":16,"minecraft:rotten_flesh":1,"waystones:waystone":1,"minecraft:granite":21,"minecraft:coal":36,"minecraft:cobblestone":393},"minecraft:mined":{"minecraft:torch":3,"minecraft:granite":21,"minecraft:grass_block":9,"minecraft:spruce_leaves":14,"minecraft:diorite":29,"minecraft:wall_torch":2,"minecraft:sweet_berry_bush":15,"minecraft:spruce_log":14,"minecraft:birch_leaves":3,"minecraft:andesite":4,"minecraft:coal_ore":36,"minecraft:dirt_path":1,"minecraft:deepslate_iron_ore":10,"minecraft:gravel":13,"minecraft:dirt":14,"iceandfire:frost_lily":2,"minecraft:stone":396,"minecraft:oak_leaves":4,"minecraft:deepslate":4},"minecraft:custom":{"minecraft:interact_with_furnace":2,"minecraft:mob_kills":2,"minecraft:interact_with_crafting_table":13,"minecraft:bell_ring":1,"minecraft:leave_game":3,"minecraft:time_since_death":110869,"minecraft:sleep_in_bed":6,"minecraft:climb_one_cm":584,"minecraft:time_since_rest":33514,"minecraft:waystone_activated":3,"minecraft:sprint_one_cm":214013,"minecraft:damage_taken":835,"minecraft:walk_one_cm":197578,"minecraft:damage_dealt":373,"minecraft:swim_one_cm":37130,"minecraft:talked_to_villager":7,"minecraft:fly_one_cm":86334,"minecraft:open_chest":21,"minecraft:crouch_one_cm":41048,"minecraft:play_time":110869,"minecraft:sneak_time":13562,"minecraft:walk_under_water_one_cm":7996,"minecraft:jump":1021,"minecraft:walk_on_water_one_cm":5036,"minecraft:total_world_time":110869,"minecraft:fall_one_cm":17609},"minecraft:broken":{"minecraft:stone_pickaxe":4}},"DataVersion":3465}