{"stats":{"minecraft:dropped":{"minecraft:bread":1,"minecraft:iron_sword":1,"minecraft:wheat_seeds":2,"aether:valkyrie_gloves":1,"aether:swet_ball":1,"minecraft:oak_fence":1,"minecraft:cobblestone":274,"minecraft:granite":38,"iceandfire:ectoplasm":6,"artifacts:flippers":2,"artifacts:anglers_hat":1,"minecraft:rail":1,"minecraft:cobblestone_stairs":4,"artifacts:night_vision_goggles":1,"minecraft:dirt":11,"iceandfire:dragonegg_red":2,"alexsmobs:kangaroo_burger":1,"minecraft:diorite":29,"aether:shield_of_repulsion":2,"minecraft:torch":24,"minecraft:gold_nugget":16,"gravestone:obituary":3,"minecraft:wither_rose":2,"minecraft:iron_pickaxe":1,"iceandfire:dragonsteel_fire_sword":1,"artifacts:digging_claws":3,"minecraft:bone":4,"minecraft:cobbled_deepslate":50,"minecraft:raw_copper":4,"minecraft:wheat":20,"minecraft:rotten_flesh":4,"minecraft:iron_boots":2,"minecraft:flint_and_steel":1,"minecraft:andesite":39,"artifacts:pocket_piston":1,"minecraft:oak_sapling":1,"minecraft:stone_brick_stairs":1,"minecraft:netherrack":1},"minecraft:crafted":{"minecraft:oak_planks":80,"minecraft:cooked_chicken":1,"minecraft:furnace":2,"minecraft:cooked_mutton":1,"minecraft:iron_boots":1,"minecraft:stone_pickaxe":5,"minecraft:chest":4,"minecraft:cooked_beef":6,"minecraft:cooked_porkchop":2,"minecraft:crafting_table":2,"minecraft:spruce_planks":140,"minecraft:wooden_pickaxe":1,"minecraft:baked_potato":1,"minecraft:iron_sword":1,"minecraft:stone_axe":1,"minecraft:air":0,"minecraft:shield":1,"minecraft:stick":60,"minecraft:iron_ingot":20,"minecraft:iron_pickaxe":1,"minecraft:stone_sword":2,"minecraft:iron_leggings":1,"minecraft:torch":144},"minecraft:killed_by":{"mowziesmobs:naga":1,"minecraft:creeper":3,"minecraft:enderman":1,"mowziesmobs:ferrous_wroughtnaut":1,"apollyon:the_damned":1,"minecraft:skeleton":5,"artifacts:mimic":2,"minecraft:zombie":1,"alexsmobs:grizzly_bear":1,"iceandfire:ghost":2},"minecraft:picked_up":{"minecraft:iron_chestplate":2,"minecraft:coarse_dirt":2,"minecraft:wheat":20,"artifacts:night_vision_goggles":1,"minecraft:chicken":1,"minecraft:brown_mushroom":1,"iceandfire:dragonegg_white":3,"minecraft:wither_rose":7,"minecraft:stone_brick_stairs":2,"gravestone:obituary":9,"minecraft:shield":1,"minecraft:string":34,"minecraft:raw_copper":8,"minecraft:flint_and_steel":1,"minecraft:iron_leggings":2,"minecraft:gold_nugget":16,"minecraft:cobbled_deepslate":306,"minecraft:candle":4,"minecraft:smooth_stone":1,"iceandfire:frost_lily":2,"minecraft:beef":6,"minecraft:iron_pickaxe":1,"minecraft:egg":1,"minecraft:furnace":1,"minecraft:iron_boots":4,"minecraft:raw_iron":23,"minecraft:oak_door":1,"travelersbackpack:netherite":1,"minecraft:oak_fence":2,"minecraft:torch":29,"minecraft:porkchop":2,"minecraft:stone_button":1,"minecraft:diorite":119,"minecraft:carrot":62,"alexsmobs:kangaroo_burger":1,"minecraft:arrow":17,"minecraft:rotten_flesh":18,"minecraft:iron_bars":4,"minecraft:netherite_chestplate":1,"minecraft:snowball":8,"minecraft:mutton":1,"minecraft:rail":1,"minecraft:white_wool":1,"minecraft:cobblestone":917,"minecraft:feather":6,"artifacts:digging_claws":1,"minecraft:andesite":98,"minecraft:leather":3,"minecraft:golden_leggings":1,"artifacts:anglers_hat":2,"minecraft:flint":1,"minecraft:tuff":16,"minecraft:oak_log":21,"iceandfire:ectoplasm":12,"minecraft:gunpowder":6,"minecraft:cobblestone_stairs":8,"minecraft:lapis_lazuli":12,"minecraft:dirt":95,"artifacts:flippers":3,"iceandfire:dragonsteel_fire_pickaxe":1,"minecraft:bone":25,"minecraft:wheat_seeds":6,"minecraft:iron_sword":1,"iceandfire:dragonegg_black":2,"minecraft:sweet_berries":44,"iceandfire:dragonsteel_fire_sword":2,"minecraft:dandelion":1,"minecraft:gravel":17,"minecraft:spruce_sapling":1,"minecraft:spruce_log":16,"iceandfire:dragonegg_red":1,"travelersbackpack:standard":1,"minecraft:diamond":4,"waystones:waystone":1,"minecraft:iron_helmet":1,"minecraft:granite":156,"aether:swet_ball":1,"minecraft:bread":47,"minecraft:netherrack":1,"minecraft:oak_sapling":1,"aether:blue_aercloud":1,"minecraft:coal":47,"iceandfire:raw_silver":1,"aether:shield_of_repulsion":2},"minecraft:mined":{"minecraft:tuff":16,"iceandfire:silver_ore":1,"minecraft:deepslate_diamond_ore":4,"minecraft:candle":1,"minecraft:oak_door":1,"alexsmobs:rainbow_glass":2,"gravestone:gravestone":9,"minecraft:granite":119,"minecraft:grass_block":22,"minecraft:spruce_leaves":31,"minecraft:spawner":2,"minecraft:smooth_stone":3,"minecraft:carrots":15,"minecraft:fire":5,"minecraft:iron_ore":2,"minecraft:cobbled_deepslate":16,"minecraft:andesite":52,"minecraft:deepslate_iron_ore":21,"minecraft:dirt_path":1,"minecraft:rail":1,"iceandfire:frost_lily":2,"minecraft:stone":739,"minecraft:brown_mushroom":1,"minecraft:torch":10,"iceandfire:ghost_chest":1,"minecraft:tall_grass":4,"minecraft:cobblestone":29,"minecraft:lapis_ore":2,"minecraft:diorite":90,"minecraft:wall_torch":8,"minecraft:coarse_dirt":2,"minecraft:wheat":1,"minecraft:sweet_berry_bush":31,"minecraft:spruce_log":14,"minecraft:birch_leaves":3,"minecraft:grass":3,"minecraft:oak_log":18,"minecraft:coal_ore":44,"minecraft:gravel":15,"minecraft:dirt":33,"minecraft:cobweb":29,"minecraft:oak_leaves":7,"minecraft:deepslate":259},"minecraft:custom":{"minecraft:interact_with_smithing_table":1,"minecraft:mob_kills":93,"minecraft:interact_with_crafting_table":31,"minecraft:open_barrel":13,"minecraft:bell_ring":15,"minecraft:leave_game":18,"minecraft:time_since_death":111564,"minecraft:climb_one_cm":584,"minecraft:damage_resisted":100,"minecraft:sprint_one_cm":1119320,"minecraft:walk_one_cm":1339234,"minecraft:damage_blocked_by_shield":1116,"minecraft:drop":74,"minecraft:talked_to_villager":9,"minecraft:play_time":543073,"minecraft:sneak_time":69927,"minecraft:deaths":19,"minecraft:walk_under_water_one_cm":26978,"minecraft:jump":6241,"minecraft:interact_with_blast_furnace":7,"minecraft:walk_on_water_one_cm":27278,"minecraft:total_world_time":543073,"minecraft:interact_with_furnace":30,"minecraft:interact_with_loom":2,"minecraft:interact_with_grindstone":1,"minecraft:sleep_in_bed":9,"minecraft:time_since_rest":99507,"minecraft:waystone_activated":4,"minecraft:damage_taken":11954,"minecraft:damage_absorbed":177,"minecraft:trigger_trapped_chest":4,"minecraft:damage_dealt":27957,"minecraft:swim_one_cm":76480,"minecraft:player_kills":1,"minecraft:fly_one_cm":748331,"minecraft:open_chest":89,"minecraft:crouch_one_cm":185556,"minecraft:fall_one_cm":129891},"minecraft:killed":{"minecraft:cave_spider":3,"minecraft:spider":8,"minecraft:skeleton":18,"iceandfire:fire_dragon":1,"minecraft:chicken":1,"animalistic_a:dragon_azul":1,"artifacts:mimic":1,"minecraft:pig":1,"man:managgresive":1,"mutantmonsters:mutant_skeleton":1,"minecraft:creeper":8,"minecraft:sheep":1,"minecraft:zombie":20,"iceandfire:ghost":12,"iceandfire:ice_dragon":1,"alexsmobs:crow":1,"cave_dweller:cave_dweller":1,"minecraft:player":1,"apollyon:the_damned":4,"minecraft:cow":3},"minecraft:broken":{"minecraft:stone_pickaxe":4,"minecraft:shield":1},"minecraft:used":{"apollyon:the_damned_spawn_egg":1,"apollyon:the_infector_spawn_egg":1,"iceandfire:dragonsteel_lightning_chestplate":1,"minecraft:stone_sword":15,"minecraft:flint_and_steel":1,"iceandfire:silver_sword":28,"alexsmobs:rainbow_glass":6,"securitycraft:keypad_chest":1,"minecraft:chest":4,"minecraft:shield":33,"minecraft:iron_sword":36,"iceandfire:dragonsteel_lightning_helmet":1,"minecraft:cooked_chicken":1,"minecraft:rotten_flesh":7,"minecraft:netherrack":1,"minecraft:iron_chestplate":1,"minecraft:torch":89,"animalistic_a:dragon_azul_spawn_egg":1,"minecraft:dirt":59,"minecraft:carrot":100,"iceandfire:spawn_egg_fire_dragon":1,"minecraft:tuff":7,"minecraft:granite":8,"minecraft:iron_helmet":1,"iceandfire:dragonsteel_fire_sword":151,"minecraft:glowstone":14,"artifacts:everlasting_beef":11,"minecraft:sweet_berries":65,"minecraft:furnace":3,"travelersbackpack:enderman":7,"minecraft:potato":52,"minecraft:cooked_beef":6,"iceandfire:dragonsteel_fire_pickaxe":453,"ironchests:diamond_chest":2,"minecraft:cobbled_deepslate":107,"minecraft:enchanted_golden_apple":2,"minecraft:golden_axe":14,"minecraft:cooked_mutton":1,"minecraft:water_bucket":1,"minecraft:diorite":9,"cave_dweller:cave_dweller_spawn_egg":2,"minecraft:stone_pickaxe":585,"minecraft:baked_potato":3,"travelersbackpack:wither":2,"minecraft:wooden_pickaxe":8,"minecraft:brown_mushroom":1,"minecraft:crafting_table":2,"minecraft:magenta_bed":1,"iceandfire:dragonegg_white":10,"minecraft:spruce_log":7,"iceandfire:silver_pickaxe":374,"minecraft:oak_log":1,"waystones:waystone":1,"iceandfire:dragonegg_black":2,"minecraft:apple":4,"minecraft:iron_pickaxe":56,"travelersbackpack:netherite":9,"minecraft:bread":62,"iceandfire:dragon_horn":20,"minecraft:gravel":3,"minecraft:spruce_sapling":1,"minecraft:stone_axe":15,"minecraft:cobblestone":131,"travelersbackpack:standard":3,"aether:golden_parachute":4,"minecraft:cooked_porkchop":2,"minecraft:andesite":11,"iceandfire:dragonegg_red":1,"minecraft:coarse_dirt":2,"minecraft:candle":4}},"DataVersion":3465}