{"stats":{"minecraft:used":{"minecraft:black_wool":1,"minecraft:bread":1,"minecraft:dirt":2,"minecraft:beef":3,"minecraft:sweet_berries":56,"alexsmobs:animal_dictionary":1},"minecraft:killed":{"minecraft:sheep":1,"minecraft:cow":1},"minecraft:dropped":{"minecraft:poppy":2,"minecraft:wheat_seeds":7},"minecraft:mined":{"minecraft:sweet_berry_bush":77,"gravestone:gravestone":2,"minecraft:grass":3,"minecraft:grass_block":2,"minecraft:spruce_leaves":1,"minecraft:fern":3},"minecraft:picked_up":{"iceandfire:dragonbone":52,"minecraft:azure_bluet":1,"minecraft:sweet_berries":169,"minecraft:dandelion":7,"minecraft:cornflower":1,"minecraft:dirt":2,"iceandfire:dragon_skull_ice":2,"minecraft:wheat_seeds":8,"minecraft:beef":3,"minecraft:poppy":2,"minecraft:sugar_cane":4,"minecraft:black_wool":1,"minecraft:egg":1},"minecraft:killed_by":{"iceandfire:ghost":1,"minecraft:creeper":1},"minecraft:custom":{"minecraft:time_since_rest":1844,"minecraft:waystone_activated":1,"minecraft:sprint_one_cm":239535,"minecraft:damage_taken":1270,"minecraft:walk_one_cm":210937,"minecraft:mob_kills":2,"minecraft:drop":9,"minecraft:damage_dealt":208,"minecraft:swim_one_cm":30724,"minecraft:fly_one_cm":188093,"minecraft:open_chest":45,"minecraft:play_time":48687,"minecraft:deaths":3,"minecraft:sneak_time":24,"minecraft:walk_under_water_one_cm":12438,"minecraft:jump":1262,"minecraft:leave_game":2,"minecraft:walk_on_water_one_cm":10260,"minecraft:time_since_death":18612,"minecraft:sleep_in_bed":1,"minecraft:total_world_time":48687,"minecraft:fall_one_cm":25562}},"DataVersion":3465}