{"stats":{"minecraft:used":{"waystones:waystone":1,"minecraft:bread":16,"minecraft:stone_pickaxe":133,"minecraft:iron_helmet":1,"minecraft:chest":3,"minecraft:wooden_pickaxe":8,"minecraft:iron_chestplate":1,"minecraft:dirt":6,"minecraft:sweet_berries":20,"minecraft:crafting_table":2,"minecraft:potato":1,"minecraft:golden_axe":14},"minecraft:crafted":{"minecraft:crafting_table":2,"minecraft:spruce_planks":112,"minecraft:stick":28,"minecraft:wooden_pickaxe":1,"minecraft:stone_pickaxe":4,"minecraft:stone_sword":1,"minecraft:chest":3,"minecraft:torch":60,"minecraft:stone_axe":1},"minecraft:picked_up":{"minecraft:feather":5,"minecraft:sweet_berries":23,"minecraft:torch":1,"minecraft:spruce_log":16,"minecraft:dirt":38,"minecraft:wheat_seeds":1,"waystones:waystone":1,"iceandfire:frost_lily":2,"minecraft:coal":20,"minecraft:cobblestone":102},"minecraft:mined":{"minecraft:sweet_berry_bush":15,"minecraft:spruce_log":14,"minecraft:birch_leaves":3,"minecraft:grass_block":9,"minecraft:coal_ore":20,"minecraft:dirt_path":1,"minecraft:dirt":10,"iceandfire:frost_lily":2,"minecraft:spruce_leaves":14,"minecraft:stone":104,"minecraft:oak_leaves":4,"minecraft:wall_torch":1},"minecraft:custom":{"minecraft:time_since_rest":11606,"minecraft:waystone_activated":3,"minecraft:sprint_one_cm":203475,"minecraft:damage_taken":743,"minecraft:walk_one_cm":146327,"minecraft:damage_dealt":12,"minecraft:talked_to_villager":7,"minecraft:swim_one_cm":37130,"minecraft:interact_with_crafting_table":8,"minecraft:fly_one_cm":84255,"minecraft:open_chest":18,"minecraft:crouch_one_cm":41010,"minecraft:play_time":88961,"minecraft:sneak_time":13520,"minecraft:walk_under_water_one_cm":6681,"minecraft:jump":799,"minecraft:leave_game":2,"minecraft:walk_on_water_one_cm":4989,"minecraft:time_since_death":88961,"minecraft:sleep_in_bed":6,"minecraft:total_world_time":88961,"minecraft:climb_one_cm":584,"minecraft:fall_one_cm":15736},"minecraft:broken":{"minecraft:stone_pickaxe":1}},"DataVersion":3465}