{"stats":{"minecraft:custom":{"minecraft:time_since_rest":5657,"minecraft:waystone_activated":2,"minecraft:sprint_one_cm":375038,"minecraft:damage_taken":2743,"minecraft:walk_one_cm":382373,"minecraft:mob_kills":3,"minecraft:drop":9,"minecraft:damage_dealt":326,"minecraft:swim_one_cm":73346,"minecraft:fly_one_cm":267761,"minecraft:open_chest":72,"minecraft:crouch_one_cm":685,"minecraft:play_time":110575,"minecraft:deaths":6,"minecraft:sneak_time":171,"minecraft:walk_under_water_one_cm":20224,"minecraft:jump":2306,"minecraft:leave_game":6,"minecraft:walk_on_water_one_cm":16338,"minecraft:time_since_death":2786,"minecraft:sleep_in_bed":3,"minecraft:total_world_time":110575,"minecraft:fall_one_cm":39098},"minecraft:mined":{"minecraft:podzol":3,"minecraft:sweet_berry_bush":81,"minecraft:powder_snow":31,"gravestone:gravestone":3,"minecraft:grass":4,"minecraft:grass_block":12,"minecraft:dirt":2,"minecraft:spruce_leaves":10,"minecraft:fern":4},"minecraft:picked_up":{"iceandfire:dragonbone":52,"minecraft:azure_bluet":1,"minecraft:sweet_berries":174,"minecraft:dandelion":7,"minecraft:potato":1,"minecraft:cornflower":1,"minecraft:dirt":26,"iceandfire:dragon_skull_ice":2,"minecraft:wheat_seeds":8,"minecraft:beef":3,"minecraft:poppy":2,"minecraft:sugar_cane":4,"minecraft:black_wool":1,"minecraft:snowball":43,"minecraft:egg":1},"minecraft:dropped":{"minecraft:poppy":2,"minecraft:wheat_seeds":7},"minecraft:used":{"minecraft:black_wool":1,"minecraft:bread":7,"minecraft:dirt":17,"minecraft:beef":3,"minecraft:sweet_berries":95,"alexsmobs:animal_dictionary":1},"minecraft:killed":{"minecraft:sheep":1,"minecraft:zombie_villager":1,"minecraft:cow":1},"minecraft:killed_by":{"alexsmobs:skelewag":1,"minecraft:zombie_villager":1,"iceandfire:ghost":1,"minecraft:creeper":2}},"DataVersion":3465}