{"stats":{"minecraft:dropped":{"minecraft:iron_sword":1,"aether:valkyrie_gloves":1,"minecraft:cooked_porkchop":2,"mowziesmobs:umvuthana_mask_faith":1,"aether:swet_ball":1,"iceandfire:ectoplasm":6,"minecraft:saddle":2,"artifacts:flippers":2,"artifacts:anglers_hat":1,"minecraft:rail":1,"minecraft:cobblestone_stairs":4,"minecraft:flint":3,"artifacts:night_vision_goggles":1,"minecraft:dirt":11,"alexsmobs:kangaroo_burger":1,"aether:shield_of_repulsion":2,"gravestone:obituary":10,"minecraft:gold_nugget":16,"minecraft:iron_pickaxe":1,"aether:zanite_gemstone":5,"minecraft:white_wool":2,"minecraft:bone":4,"minecraft:gravel":16,"minecraft:cobbled_deepslate":50,"minecraft:wheat":20,"minecraft:rotten_flesh":4,"minecraft:enchanted_golden_apple":64,"minecraft:glowstone_dust":3,"minecraft:cooked_mutton":1,"aether:phoenix_bow":1,"aether:zanite_sword":1,"minecraft:chest":3,"minecraft:arrow":64,"minecraft:stone_brick_stairs":1,"minecraft:netherrack":1,"aether:icestone":1,"minecraft:enchanted_book":6,"minecraft:bread":1,"minecraft:wheat_seeds":2,"iceandfire:hydra_arrow":1,"minecraft:oak_fence":1,"minecraft:cobblestone":338,"minecraft:granite":95,"minecraft:diorite":29,"minecraft:torch":24,"iceandfire:dragonegg_red":2,"minecraft:sculk_catalyst":1,"artifacts:crystal_heart":1,"minecraft:wither_rose":2,"iceandfire:dragonsteel_fire_sword":1,"artifacts:digging_claws":3,"minecraft:anvil":2,"minecraft:raw_copper":4,"minecraft:iron_boots":2,"minecraft:totem_of_undying":4,"minecraft:flint_and_steel":1,"minecraft:andesite":39,"minecraft:oak_sapling":1,"artifacts:pocket_piston":1,"alexscaves:charred_remnant":1},"minecraft:crafted":{"minecraft:oak_planks":80,"minecraft:cooked_chicken":1,"minecraft:cooked_mutton":1,"minecraft:iron_boots":1,"minecraft:chest":4,"minecraft:cooked_porkchop":2,"minecraft:crafting_table":2,"minecraft:spruce_planks":140,"minecraft:wooden_pickaxe":1,"minecraft:baked_potato":1,"minecraft:shield":1,"minecraft:stick":60,"minecraft:iron_ingot":20,"minecraft:iron_pickaxe":1,"minecraft:stone_sword":2,"minecraft:furnace":2,"minecraft:stone_pickaxe":5,"minecraft:cooked_beef":6,"minecraft:iron_sword":1,"minecraft:stone_axe":1,"minecraft:air":0,"minecraft:iron_leggings":1,"minecraft:torch":144},"minecraft:killed_by":{"mowziesmobs:naga":1,"minecraft:creeper":3,"artifacts:mimic":2,"minecraft:zombie":1,"alexsmobs:grizzly_bear":1,"minecraft:enderman":1,"mowziesmobs:ferrous_wroughtnaut":1,"apollyon:the_damned":1,"minecraft:warden":1,"minecraft:skeleton":5,"iceandfire:ghost":2},"minecraft:picked_up":{"minecraft:iron_chestplate":2,"minecraft:wheat":20,"minecraft:anvil":1,"artifacts:bunny_hoppers":1,"iceandfire:dragonegg_white":3,"minecraft:wither_rose":7,"minecraft:enchanted_book":6,"minecraft:stone_brick_stairs":2,"minecraft:golden_sword":1,"minecraft:string":34,"minecraft:raw_copper":8,"minecraft:iron_leggings":2,"minecraft:smooth_stone":1,"minecraft:cobbled_deepslate":306,"minecraft:gold_nugget":16,"aether:holystone_pickaxe":2,"iceandfire:frost_lily":2,"minecraft:iron_pickaxe":1,"aether:valkyrie_cape":1,"minecraft:iron_boots":4,"minecraft:furnace":1,"minecraft:oak_fence":2,"minecraft:torch":29,"minecraft:porkchop":2,"minecraft:diorite":119,"minecraft:rotten_flesh":18,"aether:poison_dart_shooter":1,"minecraft:netherite_chestplate":1,"minecraft:iron_bars":4,"minecraft:snowball":8,"minecraft:cobblestone":1061,"minecraft:feather":11,"minecraft:andesite":98,"minecraft:golden_leggings":1,"minecraft:flint":4,"minecraft:tuff":16,"aether:icestone":1,"minecraft:lapis_lazuli":12,"minecraft:dirt":172,"artifacts:flippers":3,"iceandfire:dragonsteel_fire_pickaxe":1,"minecraft:bone":40,"minecraft:wheat_seeds":7,"minecraft:glowstone_dust":5,"minecraft:cooked_porkchop":2,"aether:angelic_stone":2,"aether:zanite_gemstone":5,"iceandfire:dragonegg_red":1,"minecraft:diamond":4,"artifacts:crystal_heart":1,"waystones:waystone":1,"aether:ambrosium_shard":2,"minecraft:granite":213,"aether:swet_ball":1,"minecraft:bread":47,"minecraft:oak_sapling":1,"minecraft:netherrack":1,"aether:blue_aercloud":1,"aether:shield_of_repulsion":2,"iceandfire:raw_silver":1,"minecraft:crafting_table":1,"minecraft:coarse_dirt":2,"alexscaves:primal_magma":1,"artifacts:night_vision_goggles":1,"minecraft:chicken":1,"minecraft:brown_mushroom":1,"gravestone:obituary":15,"minecraft:shield":1,"alexscaves:tectonic_shard":1,"minecraft:flint_and_steel":1,"minecraft:candle":4,"minecraft:beef":6,"minecraft:chest":3,"minecraft:egg":1,"minecraft:raw_iron":23,"minecraft:oak_door":1,"travelersbackpack:netherite":2,"minecraft:stone_button":1,"minecraft:carrot":62,"mowziesmobs:umvuthana_mask_faith":1,"alexsmobs:kangaroo_burger":1,"minecraft:arrow":17,"minecraft:saddle":3,"minecraft:totem_of_undying":3,"minecraft:mutton":1,"minecraft:white_wool":3,"minecraft:rail":1,"artifacts:digging_claws":2,"minecraft:leather":3,"artifacts:anglers_hat":2,"minecraft:oak_log":21,"iceandfire:ectoplasm":12,"minecraft:gunpowder":6,"minecraft:cobblestone_stairs":8,"alexscaves:charred_remnant":2,"minecraft:cooked_mutton":2,"alexscaves:cooked_dinosaur_chop":7,"aether:victory_medal":16,"minecraft:iron_sword":1,"aether:valkyrie_gloves":1,"aether:golden_gummy_swet":1,"aether:invisibility_cloak":1,"minecraft:sculk_catalyst":2,"iceandfire:dragonegg_black":2,"minecraft:sweet_berries":44,"iceandfire:dragonsteel_fire_sword":2,"minecraft:dandelion":1,"minecraft:gravel":33,"minecraft:spruce_sapling":1,"minecraft:spruce_log":16,"mowziesmobs:naga_fang":1,"travelersbackpack:standard":1,"minecraft:iron_helmet":1,"aether:golden_dart":21,"minecraft:coal":47},"minecraft:mined":{"aether:angelic_stone":1,"minecraft:granite":119,"alexsmobs:rainbow_glass":2,"minecraft:grass_block":22,"minecraft:spawner":2,"minecraft:smooth_stone":3,"minecraft:cobbled_deepslate":16,"minecraft:iron_ore":2,"minecraft:fire":5,"minecraft:dirt_path":1,"minecraft:brown_mushroom":1,"minecraft:torch":10,"iceandfire:ghost_chest":1,"minecraft:cobblestone":29,"minecraft:wall_torch":8,"minecraft:wheat":1,"minecraft:grass":4,"minecraft:oak_log":18,"minecraft:dirt":33,"minecraft:oak_leaves":7,"minecraft:deepslate":259,"minecraft:tuff":16,"iceandfire:silver_ore":1,"minecraft:deepslate_diamond_ore":4,"minecraft:candle":1,"minecraft:oak_door":1,"gravestone:gravestone":10,"minecraft:spruce_leaves":31,"minecraft:carrots":15,"minecraft:andesite":52,"minecraft:deepslate_iron_ore":21,"minecraft:rail":1,"iceandfire:frost_lily":2,"minecraft:stone":739,"minecraft:tall_grass":4,"minecraft:lapis_ore":2,"minecraft:diorite":90,"aether:treasure_chest":1,"minecraft:coarse_dirt":2,"minecraft:sweet_berry_bush":31,"minecraft:spruce_log":14,"minecraft:birch_leaves":3,"minecraft:coal_ore":44,"minecraft:gravel":15,"minecraft:cobweb":29},"minecraft:custom":{"minecraft:interact_with_crafting_table":31,"minecraft:open_barrel":13,"minecraft:bell_ring":15,"minecraft:leave_game":19,"minecraft:time_since_death":55159,"minecraft:damage_resisted":1225,"minecraft:sprint_one_cm":1182743,"minecraft:damage_blocked_by_shield":1116,"minecraft:drop":117,"minecraft:talked_to_villager":9,"minecraft:play_time":620966,"minecraft:deaths":20,"minecraft:jump":7072,"minecraft:walk_on_water_one_cm":29691,"minecraft:interact_with_furnace":30,"minecraft:interact_with_loom":2,"minecraft:sleep_in_bed":9,"minecraft:waystone_activated":4,"minecraft:damage_dealt":59033,"minecraft:player_kills":1,"minecraft:crouch_one_cm":194528,"minecraft:interact_with_smithing_table":1,"minecraft:interact_with_anvil":4,"minecraft:mob_kills":126,"minecraft:damage_dealt_resisted":60,"minecraft:climb_one_cm":584,"minecraft:walk_one_cm":1592627,"minecraft:sneak_time":71408,"minecraft:walk_under_water_one_cm":26978,"minecraft:interact_with_blast_furnace":7,"minecraft:total_world_time":620966,"minecraft:interact_with_grindstone":1,"minecraft:time_since_rest":55205,"minecraft:damage_taken":14994,"minecraft:damage_absorbed":2788,"minecraft:trigger_trapped_chest":4,"minecraft:swim_one_cm":76480,"minecraft:fly_one_cm":856551,"minecraft:open_chest":98,"minecraft:fall_one_cm":168102},"minecraft:killed":{"minecraft:cave_spider":3,"minecraft:spider":8,"minecraft:skeleton":18,"alexscaves:radgill":2,"minecraft:chicken":1,"mowziesmobs:foliaath":3,"artifacts:mimic":1,"minecraft:pig":1,"man:managgresive":1,"mutantmonsters:mutant_skeleton":2,"minecraft:creeper":8,"minecraft:sheep":1,"aether:zephyr":2,"minecraft:zombie":20,"cave_dweller:cave_dweller":1,"apollyon:the_damned":4,"minecraft:cow":3,"mowziesmobs:naga":1,"aether:mimic":2,"alexscaves:brainiac":1,"alexscaves:nucleeper":1,"mowziesmobs:ferrous_wroughtnaut":1,"iceandfire:fire_dragon":1,"aether:valkyrie":11,"animalistic_a:dragon_azul":1,"alexscaves:atlatitan":1,"minecraft:warden":2,"mowziesmobs:umvuthana":1,"iceandfire:ghost":12,"iceandfire:ice_dragon":1,"alexsmobs:crow":1,"man:manfromthefogback":1,"minecraft:player":1},"minecraft:broken":{"minecraft:stone_pickaxe":4,"minecraft:shield":1},"minecraft:used":{"apollyon:the_infector_spawn_egg":1,"iceandfire:dragonsteel_lightning_chestplate":1,"alexscaves:spawn_egg_luxtructosaurus":1,"alexscaves:spawn_egg_relicheirus":2,"aether:aether_portal_frame":6,"minecraft:chest":4,"minecraft:shield":33,"minecraft:iron_sword":36,"iceandfire:dragonsteel_lightning_helmet":1,"minecraft:rotten_flesh":7,"minecraft:iron_chestplate":1,"mowziesmobs:frostmaw_spawn_egg":1,"mowziesmobs:wroughtnaut_spawn_egg":1,"mowziesmobs:lantern_spawn_egg":1,"minecraft:carrot":100,"iceandfire:spawn_egg_fire_dragon":1,"minecraft:tuff":7,"minecraft:iron_helmet":1,"iceandfire:dragonsteel_fire_sword":261,"alexscaves:spawn_egg_raycat":1,"alexscaves:spawn_egg_radgill":3,"minecraft:sweet_berries":65,"minecraft:furnace":3,"minecraft:potato":52,"travelersbackpack:enderman":10,"minecraft:diorite":9,"minecraft:stone_pickaxe":585,"minecraft:wooden_pickaxe":8,"mowziesmobs:naga_spawn_egg":1,"mowziesmobs:grottol_spawn_egg":1,"iceandfire:silver_pickaxe":374,"waystones:waystone":1,"minecraft:bread":62,"travelersbackpack:netherite":11,"minecraft:gravel":3,"minecraft:andesite":11,"iceandfire:dragonegg_red":1,"minecraft:coarse_dirt":2,"apollyon:the_damned_spawn_egg":1,"alexsmobs:rainbow_glass":6,"minecraft:stone_sword":15,"alexscaves:spawn_egg_atlatitan":1,"iceandfire:silver_sword":28,"minecraft:flint_and_steel":1,"securitycraft:keypad_chest":1,"alexscaves:spawn_egg_vallumraptor":1,"aether:healing_stone":2,"alexscaves:spawn_egg_subterranodon":1,"minecraft:cooked_chicken":1,"minecraft:netherrack":1,"minecraft:torch":89,"animalistic_a:dragon_azul_spawn_egg":1,"minecraft:dirt":96,"minecraft:anvil":1,"alexscaves:spawn_egg_nucleeper":2,"minecraft:granite":8,"alexscaves:spawn_egg_tremorsaurus":1,"alexscaves:spawn_egg_grottoceratops":1,"minecraft:glowstone":14,"artifacts:everlasting_beef":19,"iceandfire:dragonsteel_fire_pickaxe":459,"minecraft:cooked_beef":6,"minecraft:cobbled_deepslate":107,"ironchests:diamond_chest":2,"minecraft:enchanted_golden_apple":58,"minecraft:golden_axe":14,"minecraft:cooked_mutton":1,"minecraft:water_bucket":12,"mowziesmobs:umvuthana_spawn_egg":1,"cave_dweller:cave_dweller_spawn_egg":2,"minecraft:baked_potato":3,"travelersbackpack:wither":2,"minecraft:brown_mushroom":1,"mowziesmobs:foliaath_spawn_egg":4,"minecraft:crafting_table":2,"minecraft:magenta_bed":1,"iceandfire:dragonegg_white":10,"minecraft:spruce_log":7,"minecraft:oak_log":1,"iceandfire:dragonegg_black":2,"minecraft:apple":4,"alexscaves:spawn_egg_brainiac":1,"minecraft:iron_pickaxe":56,"iceandfire:dragon_horn":29,"man:manfromthefogback_spawn_egg":1,"iceandfire:dragonsteel_ice_sword":143,"minecraft:spruce_sapling":1,"mowziesmobs:umvuthi_spawn_egg":1,"minecraft:stone_axe":15,"minecraft:cobblestone":131,"travelersbackpack:standard":3,"aether:golden_parachute":4,"aether:phoenix_bow":19,"minecraft:cooked_porkchop":2,"minecraft:bucket":1,"minecraft:sculk_catalyst":1,"minecraft:candle":4}},"DataVersion":3465}