{"stats":{"minecraft:used":{"waystones:waystone":1,"minecraft:bread":15,"minecraft:iron_helmet":1,"minecraft:chest":1,"minecraft:iron_chestplate":1,"minecraft:dirt":4,"minecraft:sweet_berries":17,"minecraft:potato":1,"minecraft:golden_axe":14},"minecraft:crafted":{"minecraft:spruce_planks":56,"minecraft:chest":1},"minecraft:picked_up":{"minecraft:feather":5,"minecraft:sweet_berries":23,"minecraft:spruce_log":16,"minecraft:dirt":22,"minecraft:wheat_seeds":1,"waystones:waystone":1,"iceandfire:frost_lily":2},"minecraft:mined":{"minecraft:sweet_berry_bush":15,"minecraft:spruce_log":14,"minecraft:birch_leaves":3,"minecraft:grass_block":3,"minecraft:dirt_path":1,"iceandfire:frost_lily":2,"minecraft:spruce_leaves":14,"minecraft:oak_leaves":4},"minecraft:custom":{"minecraft:time_since_rest":0,"minecraft:waystone_activated":3,"minecraft:sprint_one_cm":196827,"minecraft:damage_taken":693,"minecraft:walk_one_cm":125088,"minecraft:damage_dealt":12,"minecraft:talked_to_villager":5,"minecraft:swim_one_cm":37130,"minecraft:interact_with_crafting_table":1,"minecraft:fly_one_cm":81116,"minecraft:open_chest":17,"minecraft:crouch_one_cm":41010,"minecraft:play_time":76961,"minecraft:sneak_time":13520,"minecraft:walk_under_water_one_cm":6681,"minecraft:jump":761,"minecraft:leave_game":2,"minecraft:walk_on_water_one_cm":4989,"minecraft:time_since_death":76961,"minecraft:sleep_in_bed":6,"minecraft:total_world_time":76961,"minecraft:climb_one_cm":584,"minecraft:fall_one_cm":14060}},"DataVersion":3465}